Fusion Name	Gene 1 Symbol	Gene 1 ID	Gene 1 Breakpoint	Gene 1 Strand	Gene 1 Reference Strand	Gene 2 Symbol	Gene 2 ID	Gene 2 Breakpoint	Gene 2 Strand	Gene 2 Reference Strand	Breakpoint Distance	Supporting Reads	Read IDs	Strand Comparison	GF Program
BAG6:SLC44A4	BAG6	ENSG00000204463.14	chr6:31651655	-	-	SLC44A4	ENSG00000204385.13	chr6:31865786	-	-	214131.0	114	ff508124-0c29-4076-bc09-5f000bd29808,000d6e61-632c-461e-b373-82d4fa281a8f,08cbd1ba-4a72-43b7-9e20-e2209ce25881,0ac291c0-100f-447e-98a5-07b44e623f32,0f5d56f9-f9d4-4cb2-9d47-6b31555f2060,130e6b7d-47c5-480f-995c-b55b50a6da45,173c8558-d1d4-4b66-8397-3a17fa773e3f,1e944e87-1af9-42f5-b106-ea7d41f3e512,20691d36-0121-4d6e-a54d-837e9a0a24ea,291d9c96-6997-486b-8e16-d6c56c7a06b6,2a28d863-fa35-4609-922c-60afc69de905,2ae53c64-08a0-495d-9048-682686d1fcda,2c55466c-7d3a-4913-bb7c-5f2ed429fd1a,2d370586-6c77-4f4f-81ee-260239273fe0,2d5c4ffd-72ce-4f89-a014-43cb0902b976,2e27bf6a-ed51-4dc8-93fd-2158d3dd3e20,32ca28af-199d-42e3-b580-e0bd6f0c5077,375c91b5-504a-470b-93e0-defc41cdfe72,3813f119-abd7-4bea-bd13-7b650c1ae755,3b9eee04-67e8-47de-8256-931fd97bea81,401abbb3-bb2f-4a13-bbe4-46615fab244d,4430fb7e-0fb8-4950-8832-95bdced490c5,450c8da1-28a7-47e5-9738-60dffeff3517,46d55032-dd7c-4c4d-a256-fa4e356a9e20,497a1121-9edd-4ce8-954e-8d6d5b6db3c0,499ba1e3-b32e-474f-b36f-f81bfd271092,512e970e-b184-4795-8eda-07438993225e,53b6ffd5-6f62-4d52-a97b-d5747ae577d6,54ead2c2-f9f8-4bae-8d9b-d298ffb01983,54f081ca-26f6-490c-8486-461c6dee56bb,5581a36e-6fc6-4007-8072-b496ddba9607,55cc6343-6cc9-440c-a0ea-2e6de32c6b0d,572e609d-dd46-45a7-bd9c-f5d1dfadbbd0,5ce43661-d803-4adc-ad0f-2048f23efc78,5d74cb32-2eb9-4195-afb5-fbea8e3f2e01,5dfd8c28-2911-495b-8d1d-3decd74148c5,5e797b6c-8c78-4340-a401-7bba77a44414,6299c4c7-dcba-40ba-956a-adf4c1e4a4e1,63234880-700b-4e5c-aebb-2ca0848dbe9e,63fe5320-08f0-4135-997d-5b34b7f2d340,6a51249e-98e2-4fe5-afca-45eb2337178b,6a9a28d9-62d0-4ac1-aef9-9e7fe541f1b9,6b3c143f-85ec-48ad-8906-fce17952aeb5,6dc78f22-c2e5-4001-bf45-54d15784b3b2,70384ad5-5847-4ea5-a050-2cd861c9fbef,751fc8be-20c3-4e2d-afff-f6a74f5fef7e,75427c05-50c2-4338-92dd-5b2221699c6f,78022f1a-1734-4c10-bf3d-a79977ca5dd6,793a757e-f72a-4511-8a42-90c1a1d43a60,7c3f241c-d29d-4532-a384-c8534bd75c42,7d5c9a03-aa13-42f9-b7a1-35c05e08e5e0,7d6e1009-d143-4516-878a-f684ab43f3f3,7e515f38-146d-4745-9392-51a476813582,7fb6d645-11bc-4367-acd1-f5267c787426,8185f15c-4a1e-4a3c-953b-8aadfffc7e98,81ae4afc-20c9-41eb-a1df-f14cd7c54017,845a03fb-b84e-41b3-b8f0-d46b18a26f05,849066c6-c767-4b6c-b8e3-2caa9b75e429,8b2bf747-3770-47d0-ba3c-1e88e8d75a57,8dc05d55-d2a3-4405-82ca-22efdbe7ba9d,8ed27d41-9f58-44b1-923b-622e046277c1,957ff44c-4f40-4ff3-90da-0902a96bc679,965626da-dba2-4d4b-99e9-6353e33fe24b,98c262a2-9dad-4ff4-83db-db275b8c2078,9c17da9a-614e-442f-bf02-85e8e0d6972f,a804192d-dc5c-4b3c-b812-de8123f54462,aa226246-0e3e-4a10-9395-fba1a5b2022f,b0807821-5601-402d-8624-b37faff7d086,b14c75f3-1c37-409d-bcb9-b28843b88417,b4b5a415-8ad6-4da0-923d-ae7f3004b755,b786b769-ec2e-40ba-82d0-6ddc548aaad8,ba60a66e-08ec-43ea-8501-93d3010074de,bb589782-c66c-4db6-a810-a4b0b83e630f,bba39a44-a6bf-4011-9dc2-04806d712353,bf1bf666-9c05-4c0b-aaa8-d628626041ad,c403eebe-564a-48c5-94a1-d55faea5edf8,c5a7cf3b-6f62-4329-9065-7f2a8c10d2a7,c9353174-6111-4f50-b909-7e0479be40fa,ca8aac72-bb67-489f-8eec-0de72a43ff5c,cf18835e-bedc-4dca-bd50-6cfd09de0921,cf78c61e-22f6-4a9f-8775-ba1307c94ec0,d32e070f-dce0-4ec4-9b40-2c5e7c4de259,d43e5198-8a21-4856-b958-3145fa1ec921,d72d67f5-ad63-47a1-8bf0-d64f15a83e50,d7ed43d1-a494-4bee-a625-cef3e7a4c670,da047f60-926b-4f77-afac-4f66cbf7fa54,db96944b-a4d5-4fe8-898f-388705f28bdf,e82f559f-cdf6-408f-9b20-72ca699844a7,eaedc239-9558-43cd-bdca-882ac384400d,ef3c7c57-20a2-48a8-9bab-6a8452301877,efc3da40-b8c3-41db-8e95-5e79db65e6b2,f3e8f08c-8c02-4555-a06f-44dc31615485,ff12f1ca-6122-45da-9f7f-257e7fb89f7f,ff4398ef-5aaf-401b-920e-597155b8bc65	Consistent	FusionSeeker
SRP14:RPL14	SRP14	ENSG00000140319.11	chr15:40036408	-	-	RPL14	ENSG00000188846.14	chr3:40461981	+	+	inf	18	f71d7833-9638-4ee0-b35c-12ebe09ad629,002925ab-d7db-4359-9dee-577a3bcc9ebc,14c9ac22-5353-4dc1-8729-f8745e155a44,56798f13-71b7-4488-a96c-8b7fc3df907e,8a3855e0-b04e-4894-8d1f-546105e95a81,976e1664-cfc7-4b49-93cb-2142375a41d6,a10bb57e-3e39-490f-bbae-d05b86868733,a2787910-6b58-474d-920b-e32278fc3f93,b470f64d-4b6f-4b9a-bc60-804e4845cd19,c00f4f13-b134-4166-a3e1-e5bf2f88ac85,d67dc4ef-7e5b-4ee8-b915-af955f0f752c,d7d37bfd-4754-4ca9-a2c4-d54b85e083e0,e9c4ec1a-f0aa-4bdc-802d-b8258586d1c3,e9ee5011-6458-4d95-b48f-38fd7f7f63da,cd4121ef-eab5-4ffc-a62b-bb9b8c2f5bf9	Consistent	FusionSeeker
RPL10P9:RPL10	RPL10P9	ENSG00000233913.7	chr5:168617081	+	+	RPL10	ENSG00000147403.18	chrX:154400911	+	+	inf	11	c0891a2f-ab8f-43f8-98c3-89044dc57efe,00484a3e-353f-482d-9da4-3201dc09138f,0d150221-44da-4981-845d-fa914b8d3dd5,0e22e109-16ae-4fc2-80b7-53e2922e4f1c,2cede99e-11cf-4cfb-96ef-288256f4897b,62195b37-c2f1-4cd3-bdae-e1ec211d7fa7,674a3871-1f1e-4ca9-bb48-70acf82fe2c3,bfd783f8-b9d9-44d4-8010-c31ca96fb4a0	Consistent	FusionSeeker
CFAP20DC-DT:FHIT	CFAP20DC-DT	ENSG00000243295.2	chr3:59752322	+	+	FHIT	ENSG00000189283.11	chr3:60277452	-	-	525130.0	13	e316a59e-12e2-4b5f-97c0-eed3f519566a,0090a31e-d985-4c51-bf2c-d462744028ab,01c6a1f4-83b9-44de-a295-48282ad41c7f,0c5c980c-8b40-469b-a423-41da2561ff98,21216daf-2685-4482-9fa5-b4fd30ec98a2,3080a62c-6c99-4ce0-89d7-322d645293ac,37f96889-626c-4665-b2f4-aba00bca8e8c,4683b2f4-00b8-4b4a-933e-332de062fc25,5e4b45a6-e96b-49de-bb6b-8b47a190a435,6b1dc3b5-44a3-4b3f-b8ba-a3b4c49c6d77,7e75a7f7-6516-491b-96cb-cb00a0bdbff3,8c0d0a88-d80b-4acf-bb4b-7a49556fb300,d927ebeb-0ddb-4eb0-97db-ca348c638426	Consistent	FusionSeeker
CFAP20DC-DT:FHIT	CFAP20DC-DT	ENSG00000243295.2	chr3:59752322	+	+	FHIT	ENSG00000189283.11	chr3:60215079	-	-	462757.0	9	f2ab4ec1-1556-47a9-bacf-01b85d423941,0951fff1-55d4-46d5-b268-94a9cf68a230,5c34ab57-ba40-4551-968c-89a6de64edf4,5f644011-13ca-486f-beb7-30becd74d70d,73eb4e8d-0743-4ee2-a8a0-34ab35f8cf3c,9c2e01e0-8171-4007-aa6f-56230ffc3db6,e09d20eb-5576-440c-b436-1d508e73c235,e7f8eb3c-68fb-4457-a563-c647adce7f3c,f262918b-745e-4296-8491-9fc963f33f57	Consistent	FusionSeeker
CFAP20DC-DT:FHIT	CFAP20DC-DT	ENSG00000243295.2	chr3:59752322	+	+	FHIT	ENSG00000189283.11	chr3:60178440	-	-	426118.0	6	fa95c101-4709-49a2-8673-dbfc2053bd2d,4dcf3b48-0178-4923-9533-ab47e4a36ee6,8337a54b-9790-45dd-95bd-d0d6b8345354,8cfeebcd-07b1-4c55-b449-8719da882577,c5904a09-9df7-4156-9211-979f214fcc81,ecce4397-1cca-478f-9615-f6540223e54c	Consistent	FusionSeeker
CFAP20DC-DT:FHIT	CFAP20DC-DT	ENSG00000243295.2	chr3:59752324	+	+	FHIT	ENSG00000189283.11	chr3:61200616	-	-	1448292.0	5	e759d5ca-f7df-48fa-9efc-5c2b594e9cb6,48245748-0da4-4744-ac43-9b20c36b2219,5c69a363-f1da-4208-95ea-1c8a35a94aae,7e75a7f7-6516-491b-96cb-cb00a0bdbff3,a17df4eb-30b5-41c6-818d-858ad27e25d7	Consistent	FusionSeeker
CFAP20DC-DT:FHIT	CFAP20DC-DT	ENSG00000243295.2	chr3:59752324	+	+	FHIT	ENSG00000189283.11	chr3:61042043	-	-	1289719.0	4	a17df4eb-30b5-41c6-818d-858ad27e25d7,43ed4669-5399-4f9a-8d40-d90668b5f259,48245748-0da4-4744-ac43-9b20c36b2219,5c69a363-f1da-4208-95ea-1c8a35a94aae	Consistent	FusionSeeker
CDC16:UPF3A	CDC16	ENSG00000130177.16	chr13:114272183	+	+	UPF3A	ENSG00000169062.15	chr13:114304913	+	+	32730.0	43	ff6726db-71e1-4fe4-86da-f8e6a8a1f669,065db1ea-f272-4959-bef8-fc6f4e3879d7,07bc8ab4-4912-43af-aceb-d794303cf86d,0a2d9669-2258-456e-b2e0-df4cfaa66ecb,19c3a194-2b7d-4862-85b2-9de3da366bef,25079ad2-7350-47ba-a950-dfccfb5bd8dd,2ccd95a5-fe4f-4d86-8dd2-9e47a1cc675e,2d066ba2-3b57-4a76-8b06-9ca8a6928d7f,2d889baf-f39f-432c-a535-585cc3c5bc3f,3ef7568f-1d19-4c95-ada6-4092e9e6e930,3f90da9b-a980-4480-b60c-fe577bfbfffe,43fc0940-6d1e-410d-98e9-c1b3fe15bc65,463f9e6f-d3bd-420e-ba62-aa2417472b1d,46d7b765-4581-4c28-a875-45467c0792fd,4a019283-ba7d-4f7f-893b-67a449f9e99b,4a73fedb-ed84-46e7-8c14-8e0519cfba5b,5068fa90-2d94-4fe7-bfc3-b99bf3107c76,59d4da99-7011-4a98-878c-08f0e08c18e6,5b2ffbe8-0fc6-4dd6-857b-5d2fe4a29593,5cadce4d-605d-472d-a1bf-457ca77a8fe3,5e2a416e-1a2a-452e-8f32-7bf3b58b0596,6c34a979-3630-442d-8a34-4697b7869264,7a55bbbf-895f-4e52-a266-0d4eb93a7eb1,7c8651a3-cd39-4863-acf3-19ac7bf0db33,8ecfcaf0-fdd4-4c5d-9252-120da09e5345,96349dc0-7f2d-4309-b92f-c10f33c9f056,98437c0a-4840-4f24-a9ee-94a82cf1421d,9e3e8a29-a29c-4c5a-aa57-40c20257d0dd,acc8f512-aa7e-4389-bf47-f72b9580b9e7,b70c8598-1e5f-4090-8a8d-a5025283fdfd,b77e1c2c-99f3-4131-b0e3-9b15dcee44c1,be629496-7315-4a0c-a5a2-a77145af7afb,c86974a8-93ae-4e5f-96ee-8281e07f02ed,c9218d61-8f11-4b66-96f8-7d4f5a3bfb2a,cc2c1837-0f40-40f1-9435-127b19821ddf,e027d85c-5632-43a5-8166-8d0ae1721566,e4c42fe4-913d-4efc-adae-e8c5aa08a4f8,e52b1dce-6e28-4eec-8843-cc08cdcedda6,f6ffa8bc-8843-43d1-9b39-121195430eab,f9975924-6a4c-4571-8a42-95043c113127,fd431bbe-5092-4ce9-b66b-e16891ef09b0,c1cb5f8d-5da0-4b54-9b7c-f93d406b196d,e7ff1b9d-a0c4-4f56-acdd-0179884beaf0	Consistent	FusionSeeker
CDC16:UPF3A	CDC16	ENSG00000130177.16	chr13:114269562	+	+	UPF3A	ENSG00000169062.15	chr13:114304912	+	+	35350.0	8	8c6b6a4a-39ad-4edd-9e42-ebec4400655f,005afa13-c4d1-41b5-8d0d-7139ef4b3e04,13713c13-82c1-4ee0-8b2d-098dbbfadbd2,3a3c422e-a83d-4be5-8ba7-0f9a1719022c,42b619f8-fafd-4359-88ec-afc7154575bf,4d84ceb8-f3b9-4676-91a5-a3bfe4394ae3,71b0c947-1e09-4488-adef-3d35f4333416,7c2a54dc-fa79-4758-8752-f64f0eca19aa	Consistent	FusionSeeker
CDC16:UPF3A	CDC16	ENSG00000130177.16	chr13:114272181	+	+	UPF3A	ENSG00000169062.15	chr13:114302025	+	+	29844.0	5	ba15d94e-f703-484d-8e3e-94abb35dd43b,4c8b55ab-962a-49c3-877f-9b80bcd18a77,7ac19a93-61a3-4d25-828e-ba6141cca35c,885697d4-7f39-4e10-9e6c-71fe31d65fb9,a000b85d-7b8e-44e4-9a89-1a48b76f332f	Consistent	FusionSeeker
ENSG00000280441:MT-ATP8	ENSG00000280441	ENSG00000280441.3	chr21:8397129	+	+	MT-ATP8	ENSG00000228253.1	chrM:8506	+	+	inf	7	9c6d67c4-f7a8-4454-aa77-abb7d2582b99,48975600-16c8-44d0-979e-b0e5f79dbe20,5cf348d3-33b5-4988-a4c1-41278af0f8f3,771902e4-4488-4ca2-89f3-44ed33c1eebc	Consistent	FusionSeeker
RPL6:RPL6P27	RPL6	ENSG00000089009.16	chr12:112406321	-	-	RPL6P27	ENSG00000235552.7	chr18:6462587	-	-	inf	39	ffcaf0fa-b246-40e9-a0b1-8a01d9f5ac66,007d0faa-e3c0-4ff4-ac85-5c35c42372d5,0b359c00-94ae-446e-9986-244ee301c0d8,16d4cc50-2d97-4e28-a64b-884932e0020d,5b314e20-287b-4b52-b577-5fae952a1d8d,6fda225d-4381-4468-83aa-c75b6df9370c,743cc98f-6df1-4147-b46b-e9f5039a0933,7a3aa9fb-5d77-4567-a1bc-f1a1af367843,8d5f83a4-c0bd-4f3d-a413-08e4956bdabc,8ed02473-8c28-4018-8132-e6a0ebec8b38,919b2f33-eee6-4346-8e78-579ca96af865,91f82edf-9882-45bd-a80d-db1877a72c18,972982ad-4b7c-4ff7-a5b6-80c21f5c8e22,9b26a183-7dd0-475b-9c0d-ab0713d1f2b7,a5eb8e28-f6c9-4db7-811c-66724af91bb7,a88145e5-2b0b-4801-90e6-e75d413d06c5,adc4e455-dacb-4fdc-a929-9b5b79c31041,b189b32f-1d8d-4497-b9cb-6d1afa326e5e,b45b2992-a62c-4c44-a19e-b03a0c0c795f,bc50abfb-9583-4985-a448-7175c0cecb7a,be6c55bd-9e5f-4a6b-a689-c3193373a609,be88b3ce-c426-4f5a-8f73-60727181c2b3,d4f95063-e7d9-4bef-9c0f-cf74efd88dcc,e588ad7a-e2ed-4e54-a703-8411abe4890e,ea8d2ae7-f80e-4514-aba6-60d637ded151,eb2e9a83-38ce-4bbf-9c12-9be104a194a8,ed089556-0ebf-4917-b1c4-53c6cd2baee4,f0a87f53-93ab-4ad4-a8df-e55d56b53437,fe0229f0-bb85-40a3-ae20-fe967227dd4a	Consistent	FusionSeeker
PSPHP1:KMT2C	PSPHP1	ENSG00000226278.1	chr7:55773179	+	+	KMT2C	ENSG00000055609.21	chr7:152367259	-	-	96594080.0	147	fe0bb8e8-c947-46d5-a13e-79a50b3a59d2,0096cbc0-3eea-4a61-befb-6ca29bccdb59,00b7be71-30ff-4fbc-b015-0ecc833cf32f,014cb0a7-17d2-4e7e-99f6-fa9d8c376884,02f5eed6-5eff-49ad-a279-24cd2d1ff55c,03d7896a-1259-4ab7-83b2-106ea4b5597d,060de324-fe59-4ddc-a1e8-63d97f91f1dd,07b2ab2b-e2c5-4cbf-9067-8068a0fb8987,0a540c7e-67e6-460a-99f3-b97c4e74ff0b,0a5f5dfb-d767-424b-b749-a86b5edac38f,0bfffa8a-3c6c-42c1-a253-bc8acf5885a4,0d3aa8be-5b5d-4da0-b1e5-caa24a0a75b0,0fb67a94-232f-4264-bd21-0e153e29b5a0,115ca7a2-662a-482b-987e-c7e6de0803d0,11c873c4-0955-4595-a201-cf248e9b934e,13e96004-9e7f-4b8a-a828-d7e69b161a25,145afb96-5cd3-42b3-8ac2-ef2049a452e0,15212be5-df8d-45d5-9a16-0c5bd92c82d3,1820498b-5b9d-4298-ac86-71f5ef276d1a,1ade3c0a-d8e8-4a41-9741-6448c843c292,1c32cde3-2446-4067-beb8-c8d09acf6522,1e1b8e58-0bda-4cfe-9354-2ba06e6b1c95,1e54148b-5945-41aa-95b3-650fe18c6b81,2116c278-d3f1-41eb-b002-6f546744dca9,238e4b37-0fc9-4d3d-a43a-efe9a2cb8db5,2466902e-b014-43b3-8176-92fe04ada900,25b2f20a-b46b-415b-9722-e7723fe101e5,27475479-9301-4b52-92e4-fcbe80efae14,295ae680-bc07-48b6-bbbd-d020f4290dec,29968aab-6ff0-4f6b-b011-21a392ede273,29b6281e-ec8f-422b-a3aa-8103517bb187,29fcde61-25fd-47e1-babe-27198c1d1650,2b5f42ec-6b0c-4776-ade2-72e427bd70f0,2d6cb01b-6866-4d6d-9dac-8ec715088ebc,2dc70f45-cf66-485a-8cfa-c2da6e9b0b9e,2f17d268-e7a2-451e-b5df-39f93b9b2190,35989369-be0f-4d42-89a3-d4d83c37679b,373aff11-4ee4-4356-82e1-5509cd5699f2,3baf6e33-a6b2-4f7f-b322-07925444ca26,3cebb431-8e8d-48d7-8c15-bad2527d51bd,3d04f7e6-84fe-4a06-b283-dfa72d3efedc,3e29a906-14bb-447d-a799-d67723d835ab,3f18b806-282e-4180-9133-d959a798117e,420b78ec-116f-4625-baa7-92a20c58071c,44f98b28-05d8-4d06-b99a-9613db2b0df9,4554cc33-bf23-454b-bc70-a8a5bb77a1da,46b443af-fd94-4e02-ad6b-ce7f782573fb,472d4b98-7cef-4248-afd3-de3acb382ce3,4916d136-a099-4357-9eb3-37081853dc17,4a93a879-e210-476c-b74d-749d3dc3927d,4ad05add-df63-4e35-8e91-cac4588cd3db,4b11a631-fb5a-4098-a297-0fb9eea513c8,4b1e89c3-1a1d-4364-80c3-f62b63a3e16e,4f624cda-e3fa-447e-9498-09c34a41ebce,53d69ac2-4aa7-401f-aeeb-96bc9d16ac16,53e77fd6-f9cf-4d54-9ce7-6e36f0bcd597,58fcc7c9-df4d-4208-b18d-7c8739a2ba6f,5be6c41e-9441-4541-89d8-2694adf67739,5be7b1b1-a55d-4513-aed4-b8b703e876d2,5dd10f5a-057a-4a53-aceb-afca0179fcc3,6058459d-e705-45e0-881c-9f5c8ae7df8d,632fa802-e931-4b33-bb64-629808288813,64b7ec09-0247-41ad-ad77-ff9a82c1010d,64cd848a-8a7a-44a9-af52-704be605c536,64f8ef8d-dc0d-4197-bd48-b7b644231113,6cbd8e35-f734-4a99-b8fe-7584f0e9b1c8,6d3db567-4e2e-42e8-9915-53dbd70895b4,715c3c1a-402c-4655-b982-7670d8828dfa,733a484c-0721-48b4-b116-5f3bf40b5ee3,751f7f58-0811-46af-b0f6-3d12e6c0351a,7867b8ad-2a4f-45ff-a12e-30c57e5a78a3,7ef622fe-7b13-4558-b9e3-34408c2f008c,8155cb28-1996-4522-a407-ed1ebab82c17,834e84ba-65dd-4d0d-b454-cd9c0a9e23e0,85a240d6-da6a-46a5-8bff-b239d70e094a,86066878-5cdd-4850-b5dd-e1801d89cad2,861110d3-32c7-433c-afc4-18e391ba2d0a,86349e52-d525-4aed-93e6-82b39ec219df,8764d633-2b5b-4ab5-986f-17f4a2ac81d1,8865c7a5-9ec6-4b70-b746-d947acdc4af9,890f3570-e7ef-4dc7-a643-c6e06e212ed3,8b0dbf60-1141-4b72-9ffe-1db0f88dcbf7,8c26af4b-7015-41c1-9b79-bd760c8b6d56,8cfa3017-c237-4aa9-8b2f-451ed142688a,8ded690d-501c-4fe5-a390-f3db90534494,8ecd95c7-10ad-4abb-9274-06badad2ad1b,8efc6903-15c7-40fc-b1e0-a2002384e496,90965f83-3b9b-4041-b6bd-ee0386ffba74,919969b3-5a16-4c91-9bfc-f9a48c24571e,91a7627b-f75a-443d-aa0a-bdc0218f99a4,91e8472d-ff6f-4da3-b997-29f271458b17,97734aff-f4ce-42a4-8769-5d17d1403c79,9e0e20a3-3393-463e-b0e3-ffbb42cb6e70,9fcb3670-14d1-4d18-a7ea-f6560edb5bd4,a0b9dc37-f956-4a28-93dd-46eb86d766d4,a154e1f7-bdd0-4c48-b7c1-1a5f493c6bdd,a417ee69-aff3-4b51-b47c-ef7347509aef,a5dc0b5c-0de4-4245-946f-107664ff63ad,a65acd6b-39d6-4089-ad7b-25b78010aabb,a7601548-3c9d-4ea9-b28d-971b2119530d,a7bdc2a8-5624-4c17-b4ea-b8ed01071d61,ad4967e6-40a6-4d7a-b430-0d006a6af0f6,ad583cc6-641f-41d5-b1e8-f89f6c93002e,ae42cdc6-708c-4bbd-ac75-583125e7d301,aee43fae-7f8b-489d-9378-c609990b1e66,af2406d6-c8a2-4d1c-bf09-5eec37a59d81,b0f8e89b-8356-4aa1-af89-87643755d230,b3962051-5791-477b-9368-cb06011ecca1,b5011f04-e3c2-4fce-85a0-ea3f3531cf60,b661fabf-f070-43b4-a1f2-19fdea16ea34,b958a4d5-23d9-4c94-9854-73735ff5b41d,b9ecd91c-592f-43b0-b546-96ede78ebc29,bc68c0d3-fb09-435a-ab93-b993964a5981,c157315b-efa5-452e-8474-b865f1eb4766,c188aa47-1dd9-475b-9eff-39bc5d6fe4ba,c4104e50-1931-46ab-8186-494cf838f964,c51ea9fe-a68a-4cb8-9cfc-7bf72ee8d198,c54422ba-48d3-4f39-984a-e77b6247856c,c5a5aa75-415e-4596-bd1a-2e94b8dbf4de,c5cdf0ff-965c-44fc-9321-bf50ecd80d61,c5e50726-7230-448f-a410-f52fdf7a70a1,c7a798a7-8187-4d70-bfa8-3b18bcefaf0f,cfb864d1-eed8-4f4d-a1d2-66596ca7f34a,d095d7ff-342b-42d5-97ff-6f4be8064a6d,d19a2d0d-ece2-4565-85dd-3f7037b6abeb,d2427943-3891-493f-8908-2f2a0cf5646e,d4096102-3324-49a0-9b22-751a7059c955,d5a6761a-ce8d-4675-85e1-3bd570c9458d,d64b2478-4a3c-4e7f-a259-79cc4fe7f11e,d6ff23d1-4d64-4e8e-92e4-78c9d9c9e446,d7001b50-3993-497a-8e2c-13c317dc5cb5,d844fa9c-5750-4db1-a27c-92fadf4df0a6,dc417fc0-31a9-488c-9034-26a8b15f1729,dffd5fbc-4170-4be8-8349-ce51dfb88046,e05e4a72-80f6-4260-a296-a66999bc95cf,e0b7f29b-30eb-42f3-a2d1-4dc7b6968a5f,e2805756-f21f-490e-b7d5-4cc31832eb72,e37463e9-2f5e-4dfc-bb4d-009b1d5bae3d,e509f5b7-729f-4d72-9604-13e8b1d540d3,e6d2d2ac-cbba-4f27-87f6-c905fa1e67f2,ea276552-1b96-4f79-8644-d1cc208994a0,ef2da540-84b1-400b-af07-e8aa95f10493,f2372d04-41c5-47a9-92e5-107f976643f0,f2d862af-5da7-43ed-b694-260434dc037d,f6a43318-342d-41fe-9067-20599493b60b,f95fb45a-1d3c-4b8c-81d9-2f05a4371efc,fc69443e-170d-4189-86bc-a735d5cdb873	Consistent	FusionSeeker
ENSG00000280441:MT-ND2	ENSG00000280441	ENSG00000280441.3	chr21:8397253	+	+	MT-ND2	ENSG00000198763.3	chrM:4887	+	+	inf	7	fd0d780f-6773-4f60-99ef-51832d108f4c,09f961ee-9b4b-4c70-b873-30dbbb159860,a9f52bec-f345-451f-ae6b-f25fd66c3932,c63f6ef5-8fbe-4b23-b45e-7f0324247e7d	Consistent	FusionSeeker
DNAJB6:NCAPG2	DNAJB6	ENSG00000105993.15	chr7:157367482	+	+	NCAPG2	ENSG00000146918.20	chr7:158631717	-	-	1264235.0	4	f040ae7e-c376-481b-b1f5-88f15ef53b92,00dd7120-7c63-4525-b546-193785984b56,1a6e95fd-6013-4535-ba4b-0e3df0ba6f67,48d07731-2e6e-41f2-affb-6bf4ae967e0d	Consistent	FusionSeeker
RPS15:RPS15P4	RPS15	ENSG00000115268.10	chr19:1440479	+	+	RPS15P4	ENSG00000233762.3	chr2:171517221	-	-	inf	6	df21d2b7-d18a-40c7-b192-7738cf1a8fae,00ef4326-d7fd-4d9c-8842-3b93d38363a5,1838e69f-680d-4725-94aa-2c56662bb703,44c2c5ea-6018-4cde-bab2-f52ba7fe0c5c,8ca0b377-8054-4489-a1c4-61550a266dc6,a9c69e3d-73f1-42d3-b13f-058230a7cf15	Consistent	FusionSeeker
RPL27A:ENSG00000213121	RPL27A	ENSG00000166441.13	chr11:8685844	+	+	ENSG00000213121	ENSG00000213121.2	chr6:153282226	+	+	inf	10	fe5382cf-f5ab-4e67-8443-46d9644d86aa,00f7d538-f0a6-485e-80d3-2ab9acf46cc8,573ec91f-4be9-44f0-a990-e630f9ddb8dc,656e12d0-6ecd-4b9e-a077-a7e030425d12,71298ad2-1e64-41f8-b7f0-748effc0d477,8884421e-c8e6-4a81-a8f8-688af6b0eb11,92f5a208-0f62-4bcf-b5a4-6e93b0b502fc,95b98885-9a25-41c3-9ecd-18c230a6ed21,c340c7de-4d42-4d9a-a876-2731e0aea72c,d3e15419-2b1b-405e-acbd-4000245349af	Consistent	FusionSeeker
NACA:TBL1XR1	NACA	ENSG00000196531.14	chr12:56712813	-	-	TBL1XR1	ENSG00000177565.19	chr3:177020989	-	-	inf	4	e1e4fef6-8bcb-4f5c-825c-603099a328a5,0113f114-ea1d-46b8-9f12-b8927fb70526,145733cb-b918-4522-aa82-47b41965a5d1,d90b6968-c2f3-4747-bd4e-00d4df4001be	Consistent	FusionSeeker
MT-ND4L:MT-ND4	MT-ND4L	ENSG00000212907.2	chrM:10689	+	+	MT-ND4	ENSG00000198886.2	chrM:10727	+	+	38.0	610	ff94284e-2348-4212-b7f0-50432d204860,0116346f-8b82-4aa5-b01a-d37797263027,013cdaf6-353a-4da7-bae7-eedbc1eba11f,01e4fe1e-04bb-4135-8569-0aba705236b7,01f2e307-f43f-4856-8b2d-f4fe5e022b5d,037602c4-bc73-40b8-92fe-174021117182,041259b4-4d89-417c-8368-77fa549eba83,050259bf-9d13-480d-b3e8-c2bbb169ca2f,0655ab6d-d35f-4b6f-bec5-19ac11d69eeb,06564955-6d6e-4cd1-aefa-b0f54081251c,06a0297d-e3f5-464d-a027-9d1c31296605,0763b9a0-9b4b-455c-8648-0a931195ce02,07c8ec50-f4b8-4777-bc73-9a4bdb438238,089321e0-d9b9-4d95-94f0-5578e7fb8986,09cc0386-e37e-4610-9d00-62d3cef94e54,0a7f4fef-ed7c-45cd-86e1-e26ed25b1e64,0c0fa96c-97e2-4d0a-b1ed-42ec97c78372,0c3b941d-2afa-4ff9-992f-4d4f6792f404,0c773512-d7ce-4791-b7dc-88d4ccaf6280,0ce5de2d-3ca2-4805-8bcd-230c2c691ac9,0d0351e6-75e4-4fdb-b3e5-77bd54af7e58,0d414316-9434-4700-bcd4-273627d38488,0d6187f4-3af7-4496-8973-245243a686f1,0e90d136-b788-4c87-bcaf-63ddf28969b8,0ea0dc95-346c-4967-852d-7e37c8a8c204,0f066c80-26ea-4099-b444-e896b62ea363,0f87456e-b78a-4b55-b9c6-86737e344c26,0fe884a7-97a0-4a32-94b4-4e29ef63dd71,101571ea-f13e-4e46-a9cf-892c77e7cc42,10307f0d-06d1-4b90-a2a9-150fabb0c84d,1044e7a5-9391-4719-a2a2-7a0fe997a6f0,10a998a2-30df-46a2-a205-a549d69a19a5,10fdbfb6-121e-4ac2-acfc-a3075b9817d3,112e60dc-aa90-4b8e-a4ba-b89aa6854993,114c0f59-7eea-45ad-ad6f-2c307361105e,1200a782-8375-4a5b-8006-a27f663350ae,124bede8-d93d-458b-90f7-ab305ee2a8e3,1270f103-a2be-4c97-b8e0-daf3603d84ee,132c20c1-ae3c-4958-8720-94104ab83764,13347fbf-39f9-42c2-a3d0-5ed49434ac62,13bbcf05-c116-4263-9e3a-10e742a45c28,13df23a3-40f8-4119-acbc-cd5f485d64c7,1462177a-8a06-4f50-b52e-a4e20a4d31dd,14dee6da-5e17-4747-a01f-9e122acd641c,15680288-5aaf-452e-82ba-b5184fac791a,15dbe9d7-69b7-4a19-9e23-3cbae666da6f,16b9af93-da82-4448-8ae7-59333fa270de,17399d52-4e98-4776-86bd-fa16b6909ae0,17399d52-4e98-4776-86bd-fa16b6909ae0,17797f05-621c-47da-885a-c569d2052b85,17c8df5a-b8fe-41b7-94a2-a795284aeb87,17ff3c6b-2b75-4b2d-b323-0ba3f0ee06b3,19d2b339-ec81-4f9e-9b8d-d27e093cda04,1a5eea02-4110-4349-832a-c20d0f2d85fc,1c5b8e9f-e7df-407c-9f01-7cea62ca0b93,1d37e6a5-6144-4158-a34a-c0f13249c2fb,1d7db0c0-6644-420d-bce7-ca4cde38f3a5,1e944b6b-fb0a-4c4a-81a7-0ffe925e01a3,1eba571d-7dc7-4354-8523-21bee2bdd7a5,1f20f4ed-ae8b-4c29-858b-e02a75f71572,1f48d631-fd54-478f-9656-6caecebbecf7,1fa457a4-4970-41a1-82cb-27c76e971ed0,1fb486ed-40d0-47c2-853e-465ea7aeb593,1fc93edc-4437-4f85-bb0f-38f47138e177,21253850-a08e-4101-9e3b-2af4737d9065,218e5804-0d93-4960-b4bf-7e900c44593c,21a0a2b5-1697-48c0-951a-1c61d0cfc15c,21be7368-5e14-4c56-9d96-b8bc8ef80c7c,2365c77c-acca-4fa7-9180-006ec94afb4d,23b5e4f7-0c7d-4e39-8059-8dd6a585c085,24346001-69c3-4b90-bc31-f3de014099e9,24d33b69-5f48-4f47-88dc-1e4fc4757b46,255d4ba2-37ea-4716-be87-734c16480955,25871f01-595a-4d3a-9fc1-9bee3a9b08e3,258aceb7-53ec-4c00-879a-7ae910d5c1aa,26b18861-d2e2-4bcc-9888-9979ab41343e,26f6d220-758b-4403-b75e-a8e41f617fc6,272cb573-5dc5-4ba9-a14d-adf43f608609,274526be-5044-42e2-8297-d6eb49b29b8c,27caae08-0b23-4d06-9439-1cfa9f059607,2814fb4b-f690-43fa-8e4c-573716bcb3b2,2873c715-ab53-4447-8d92-f9f37288b0d8,28bd670b-f195-4d0c-b6f9-bcbc5541de94,28f0a095-bc1b-4427-abbb-f72fb06f8ead,29039e3e-f2ae-45f9-89fc-349b4381215b,2927d991-9332-4566-bf5c-b3060e86615a,297e60b1-d900-435b-ab8b-c21751e7620f,29a65047-f095-4791-934f-0d7ec693fdf9,2a640dc0-bd5b-4117-84a4-446124f3068a,2ae4269d-2404-457c-80b6-f5befc63011d,2aea43c5-0112-493b-9e2e-a1193281a4e2,2c234f1b-dd38-488a-8bcc-88ae56731162,2c7425ef-dbf6-46c1-a59b-7c07458b425d,2cec2f63-3b41-476d-ae76-353ceaa7c143,2d75ba01-18bb-40df-8f16-8c77fe5d341f,2dc0d02a-aea0-4817-b2e3-deb6afa4aa3f,2e80e775-0c47-47e5-b7e6-f09620f141ba,2ed6099d-f110-4d9c-aa33-77d3637a7671,2efea5f4-1f9f-4af4-8eb9-2c772523770b,2f386c3f-0827-4a7e-ac7a-fee8120a6902,2fa4dfc8-3a83-46ba-a5c6-6191b47d740a,3017b85c-6433-480b-bfb5-ecb5f0fae73b,31d02ed4-42aa-4456-ab2a-7a5b70cb9768,3305f6ab-6147-4024-9e9c-d887aca45c6f,33346641-6e84-478e-9d43-86457a8ad245,3359d975-bb42-4a3c-8fb6-9290a24a3417,3421564c-1e62-4a32-b89e-3a1aa4d8b978,34219608-7f97-4d06-8d8c-0086ae355975,3565c15f-baca-4659-8f83-4f8cd5c2392f,359a43ab-7500-4396-bf82-87dc33750f1d,366e461e-af97-4a9c-907d-d645eeaa261b,371d5a08-517c-4c03-b5f3-4b5f55aa18f0,385fa98c-a4e8-4bc7-bf92-1a30142ed3ee,38893cee-b81f-440f-8517-8175b672bd2c,38b525e7-47c7-41de-ba50-bb25310bea91,397fe6e3-3656-4449-99f7-b6f6b3748827,3a700b1f-d42e-45ca-b90f-6be34f1d39a5,3ae8fa95-d346-460d-8180-694dbede26ca,3d1a8042-d651-483e-8175-4e49ed75edd9,3d264802-cdb4-4db9-a7f5-9b95b2176af3,3e0b08d7-1ebd-4704-bd0f-ef84cf4eeef6,3ed3ba1d-306d-4e6f-9dd2-7c9bca5f6ded,3efe32b6-7db8-4621-9967-798b4494daa4,3f1ae59d-3b19-4d91-98fd-b6f43dd727fb,3f688941-d435-4353-a56f-72384379b0ee,3fc24d19-21f7-48d8-b71d-478ed146496a,3fe6b5ef-0a94-47cd-8fbe-f66d25e6fb98,3ff24c75-f912-4520-bd2e-ed5f32308c4d,3ff28b0a-2682-4112-aa0d-069aa2e1a32d,401e6e1a-40b8-4cfd-818a-1e106b8dc8a6,40b8d6a5-aa43-433d-9fd0-c168f987e3ae,4191c990-867e-4868-a38d-d75afef220e9,4192ca70-4c18-44fb-aeb7-a7da6b02eb0a,42229dd5-e879-4c99-8d88-97897887d30b,42431f56-d478-48c2-b490-fffa2d9cb31b,4286552e-6d59-4c7b-9520-df7fa63c8f64,434b007c-a556-479e-8afd-a24f933cb3c9,43a0439f-2cbd-4ba6-81a7-518eb227304d,444e0732-d807-4e89-98de-26c5e42caa56,45544a5e-c901-4321-a99b-2d4589dbd298,45fe3891-fb3b-405f-aa54-9d400c7210bc,46301550-8ade-4a89-bb66-ab735db24171,467687d5-43e3-4f36-bfe3-aeccdc4df3c5,470f39ec-3849-49a8-b723-2866146a2b42,47d6dbd4-2040-4d88-a692-38dc89ffa753,4819189d-1b02-4b5b-bc8a-eb05c0a6b9a9,4854e98d-bbd3-4a7e-8d3f-23738934f46f,49795dbc-32c2-4ef4-bf3f-abfa563c3672,4a27e99c-8b87-4938-99b4-8ccd5fee344d,4b1d5708-be2a-4689-a188-f653e61b9d4c,4b563b12-0deb-412e-bdd1-8b557a20217e,4c136c81-2a27-487d-83dc-08f56e1bccb3,4c209dbc-7f7a-42fd-bac0-21d3a2d9caa2,4c4d467e-0667-4f97-b805-a92d270cdb61,4c8f1812-b3d9-41c0-acf2-a6221d391937,4d0a5212-65f4-491f-bbbc-0793445cb151,4daadb82-ae24-436e-b16e-3bbff557fe1a,4dc1b044-50a8-4717-a6ee-67731b07343b,4e458ed0-38ad-43e8-8910-26abfb5857c1,4e68c8fd-4908-4ab4-aca9-d06be073ed69,4e7e1015-d5b1-4b95-b169-f977d1a707f4,4eeee7b1-171f-4ef0-ac73-1b9d795a40fe,4f320a53-e0a3-4e53-93af-466b730a3f50,504d6835-e4db-45c8-b5f9-8490641f6f02,5150abc2-30f4-451d-98ae-b70552350c12,5229b828-7461-4e1a-a490-22e18018f4af,52bb6e5e-0663-48d6-a568-5652fed51a2e,52f9e275-605d-40e7-9fe9-664240965024,5341089e-3de5-420f-bef4-272cdd2237b3,53520164-f5c4-491d-9972-36aad145b950,535d5a03-99f0-4cbd-a3e1-bef78d4346be,53668225-afb8-452f-b03b-6a32c25aabd9,54c8e578-8c00-4f1d-b378-ad342acee662,5593256b-f965-46e8-a555-171c817b7bba,5609e671-f298-4b82-86ff-d6793123674b,5628a81d-f28b-4166-bcbf-3b98f36949b0,56333ebb-8c2f-4967-a6d5-a5b557c53306,56b5c9bb-a5b8-46ae-adbd-13a7f4dc593e,5786f93e-5d2c-4cda-893a-5f13b01b24e8,57ff0b13-2eaa-46cf-ac54-9f90b3beff4c,583ef6bb-8f54-475a-90d9-c9eb7fc28b55,584ad591-0b66-42e0-acb0-89669ca8c2fa,58aaa553-59bf-4886-aa89-5fb04933b384,590cbb13-025f-45f7-bed4-a1cd734fb0ab,59144596-625d-430a-88d5-2f1900f437f1,592957cf-7873-473c-a117-e1ef8f6160cd,5994d167-d0a5-4198-8af3-26c4a8086a02,59c2b3ec-0a3f-43d7-9e52-834e53c8ef25,5a9c49c5-d994-44c7-bcc9-118d13172b6c,5ad57219-7c63-4578-a45e-393dad8adeb9,5ae2e0cc-cdca-48a4-af3f-b4a65d018707,5c28f502-ad23-4ef9-b603-79393bbcac15,5c51cb1b-3c23-4487-a84a-dfde8a04f344,5da0e70a-10e0-4a65-955d-8948941e47d9,5e7a9cc2-8a2c-4668-9c74-fcd174b71db7,5ecc27b6-5d4d-491a-8a86-c45b0a0f84d4,5f2fc1ff-1a43-439d-9307-0abcf4b4ae8f,608f0a17-d663-473f-b840-99cf1f6a7b9c,61049db3-bc37-4436-b817-a6d2b254c51b,61acb057-45a1-4cf4-bf49-b80c713a4286,61f39955-b45d-489f-a344-7e6cef3b3717,624a01fb-bf8c-4763-8484-5ec84d121723,625561a4-4551-46a8-8659-05b323215310,64752755-7fde-46eb-93ae-0020ee4905c3,64784f0e-1079-4c48-bb9a-24d3e98c2204,65cb07b0-d703-4dad-a6c4-9cdd151646e6,660ef04c-4d17-4e0b-bf0e-ce64cb7f10fb,66371e53-bd1b-4def-95ed-d5d08ea9a995,6658450f-8213-4ecd-a1ef-bde24025303c,667d6e26-2898-46a8-8b4a-9049a277fcb8,66b00b4d-d45b-4dce-a908-b39ea92115b6,670c230c-e356-4761-9642-23279d57a2c0,671a5407-98a4-44ac-ac83-adb1f052f31b,67871aae-53ec-48fb-b002-64423c6ee0f1,678c27c0-a9e8-4630-9e94-c8289e610b14,67eb8f3b-03f6-4170-8eb6-30db0522df18,6804e6ac-8cf2-4077-81dd-7b28255a4e6f,688ff1ba-9deb-426a-9036-7dbb5fbd7cba,696066de-a841-4154-a177-d053718bcb30,6a9e3513-7c88-42ae-b01d-d5ef31cfadaa,6aabd11e-258f-417c-ad48-2e63026b1e92,6ba7ec8e-34d9-441d-b44b-0734d83a102d,6bb5d1c7-1fd0-4276-8af8-5c1d59efa39f,6c26b87b-4d8f-414f-8d26-44113175d7b7,6c810087-7425-41ed-9c2b-06657bb92d34,6d07116e-701b-4e59-ab0f-a12c83b22fdb,6debf9b0-94a1-4a12-b344-4cd7f3f88f97,6e0f45fd-a436-4382-8405-8aff029ab2b0,6ee9f690-d594-484c-a32d-5db1ce4459eb,6f8f1773-0399-4717-98b2-57db1c4a3a20,700b5c83-0621-46cd-82f3-092a15160b58,704718b6-9969-4696-8839-df9571ba7f81,7051265e-3a08-43ee-ab35-2591c1601162,7078c324-7ffd-4315-8c48-913baa8ff5a7,710d7fa5-3add-4d42-ba32-94766615c1e5,71abe052-d9a5-4501-8703-7fbd96259e9d,720f6a19-422f-4b24-97ce-2eb5d76e5ddf,74098c8c-0cf5-4bce-8e36-c73d38359e60,7601b3a5-35c0-49ac-8ff8-6f874a4a2f39,76967448-277c-47b9-ae0b-c0d6abd2d4f8,77415380-359f-4695-98af-ae963058efd4,775b5b09-aa73-4551-a1d7-241291ae99f0,78135936-2160-40e5-a1f7-dc3dbc96543f,787430c3-58fc-436a-88ca-e468cced8d3c,78c58494-80ec-4ccf-9f73-a86f2a7df97f,79293469-9096-47bb-978c-2406dd40d327,79d17f41-e2a5-4300-a86b-e9e854349f98,79eb4987-a413-46f7-a6f7-212ed61b1f54,7b58200b-9d36-4fc1-81ac-8b0681b71c19,7bb9f141-d023-4f91-83df-a4e9d8b9c334,7bf406bf-47f6-42e8-847f-3f36da8ebeab,7c16f79e-bbab-430c-b772-3550f0d37de8,7c1b7b53-c5dd-4c3f-8543-8b5b5c793fc1,7cfe05c4-1751-4dda-83f9-0f599d9a1483,7e10b043-c27f-45b9-98f1-3c03a1cf156d,7f0260ee-cb03-4661-a076-97df1d187365,812bef7b-b27f-4852-a842-dab8e61bc4fc,817b1615-a370-419b-aab7-37b713ea85dd,81a326cd-fc20-4eb4-956a-74e7b705ad10,822e4479-7e70-48e3-a0fa-ef122e43efad,82370dbd-4d66-4b8d-9a56-4cce11585276,8256875f-a07a-44b1-88c3-51b0c8836878,8320b279-b8a1-40e2-b1b2-f4fb923a71fb,8374d261-930e-4184-b74e-f3e21eb974e0,839b40a6-b4f2-4635-9aee-73d16a825312,8424ce6f-583e-429b-91cb-61a308372cac,84372ecd-1af1-4084-a123-2e41ebc62924,85d0e323-44d7-46e7-8448-2dcf6b158e12,85db1bea-272a-426c-a7ba-ec02514df880,866d6212-c8f8-4cb2-9b22-2fb139a8cb25,867ab11c-896a-459a-a401-1e8c32fc5d2a,871d14bb-adde-45b9-ba90-cb7adb79bb5a,871ffb94-0bdc-4ef8-8d20-0db9e2beed92,8754c50a-941d-4142-8e4f-8ae7e8bc214a,8754d785-38a1-4c76-995d-e7a816d477b5,87a9f748-f128-43a9-98b4-79350cd0d5e0,88425a87-1525-4613-b02f-8d431912bb10,88425a87-1525-4613-b02f-8d431912bb10,8843ea97-801b-4dea-b66c-83425160cccd,885ab332-1444-46cd-9faf-1dd58d11ab8e,88fffe27-06f5-48ed-85d0-3be852f29269,8919e414-062f-4d21-a929-440902b57fe3,892fc299-6b2a-40f8-9fe4-907a056589ba,8999a4a2-921e-46f8-abdc-437769ab1c60,8a8593f3-b9c1-4a03-b8c4-11e5f604c5b4,8aa5c1db-a45c-45e8-b966-349b53f535c4,8af4bc17-f4b5-4a69-9ce1-6ef7137c0d70,8b0309e9-4e43-4eef-b608-8d714395d791,8b27c14a-041f-4044-ab14-2a555ec62311,8b5a049b-5620-4bf4-b685-fb69e9767384,8b746662-8dc6-473a-ae3d-d5859e9a50b9,8d43d3f7-9cfe-49f3-8619-1ff2cc5dd9ca,8d8f2a41-7fac-4356-bfa1-86c803f933ae,8dd63ae3-5086-4909-b5ee-1d8d3aea1af9,8ef4346a-d406-4bad-8c42-94d79b9359eb,8f1322a3-9aa1-4167-be09-44174ca944f3,8f66d12b-b4e9-4aae-9a3f-48173b313724,90344c6b-6025-48c0-bae5-4707f6f04a50,907fce7b-9519-4e50-bfec-bef9e019acfc,90b8f5af-becb-448d-ab27-567dc3cb3b56,90e9ee71-75e7-4499-90b3-188178be1310,91643878-8af1-4e51-b0b7-a616b0a2cd10,91aa60c8-62c6-4d59-a25e-bcc2fe9996b3,91aabe2c-27a3-4b4a-80cf-689b4052ac5b,9270285c-f87f-4acd-894a-963c310614e2,92a6c90f-8173-4658-8432-c98e3d0b6334,93196df3-ed54-4edd-a2b9-14d2362c70a9,93a3e2dc-375c-4659-8768-d5628709020a,961c13b2-f8eb-4936-8743-1781aec2154b,96e91082-35b6-4a04-aa0f-7993a424c711,96f2d208-816d-455e-bd2c-d1c76b94fe0d,97b7358c-3a70-4dbd-b0d6-3d0dc23df25e,97be713a-62a1-4f60-bdb4-949207976bb5,98868e53-e5f5-4b1e-a6e2-13963e02a4ff,988d58a9-b9cc-4c82-ad31-b7bf2ba88ec3,992b5b0c-2034-4c3c-a5d9-22303a4a742a,993022f0-3580-4506-8d74-004a7f6a50e5,99551857-1134-44a2-9d56-42dcb0f26c02,997e44e3-ff3b-4cfc-a79a-fe37f9a099de,99d12bdf-8dce-4523-a44a-7f8bc6431be5,99fffbe0-619e-465c-9bb1-7185f159ac38,9a4bdb4e-125b-4a70-8800-3fb79e7ef419,9ae34866-5192-4b17-9b8e-3b35c1d9d95c,9b9f0b63-33e7-4e3f-b363-99464d578adf,9ba2a580-50dd-41c3-b432-e6942e085ba3,9cbdb65c-b0ae-49c9-8f55-c96d1349dd62,9cfa6893-a045-4d0b-8764-26bf15eb1d81,9d183e58-ae35-4ee9-bf9d-2bba9f470517,9da8ba6d-8dfb-4586-ac30-a56460781633,9e74cd1a-3c17-42fa-9969-040c3779bdaa,9e7e7f22-7cd8-4a52-b184-a9a7b64e2963,9f8f61aa-cc12-4e7d-809f-379f1a85eed9,a0663106-ad2f-440d-b17a-008342705730,a15def39-964a-43ab-b471-2399a09b639f,a25bfc81-d5df-4125-b181-6053251813a0,a267a00d-b42e-4303-bddb-13dff008f3d1,a3411e7d-f57f-49b3-b33a-c728d0cce4c4,a3c2a6cb-dcc0-4185-8b32-dc223e891d17,a49378a5-c9c4-4f0d-952c-e988f2ba91a5,a4ee710e-dc6c-4007-a8e4-fb37ba4c3e66,a575cf94-ed04-4344-b202-196c37189304,a593f04e-8f17-46cc-a8aa-64cff93e865c,a596e96e-e230-4f88-ab58-349032fc92e5,a5eaa8c3-a7aa-457f-b163-e8bc3d7ebaf4,a6c017ae-453f-4c59-ac6f-02117c7e6642,a740bddf-ae46-47e5-97bb-73997f547282,a74a2872-fb64-40bb-b55e-2a76c18b6c45,a760b780-7e87-4180-ab2b-2826b9800f09,a77ac5b4-7cdd-47e1-a70c-4bc2d8c68f11,a7b6800c-2c2c-4be0-b46a-92ed7b62d791,a7d086db-d4be-4901-b45b-db079a181c63,a95f3fbd-9e53-44a1-a1cf-03b9b0caf695,a9f089fb-d1dd-4354-90ff-87ee0e989633,aa8b996c-fbac-48d4-8c13-3c419c00d232,aa951b95-7b2f-4b5d-a80d-38b0c4699bed,ac366239-bfca-4df7-ae70-5d4205286299,ac368380-219f-4955-8ba7-ea0662090465,ac77ac5a-a56e-4dc2-aeac-6ebb164be582,ae535755-52f5-4b19-bbe1-5156dfeb1950,aed27d71-cc8e-42a9-aa4d-e5790a1fc215,aefe02bf-b393-47d2-a550-113388de61fa,af835675-84a6-4a35-8b8e-3f0a09a019c6,afb72621-c4ca-48bd-a382-3b4ad9678e3c,afc33a71-e525-46ab-b324-ce0cb6beb44d,b06220ce-5558-4133-9acf-00c4ffba917d,b09d3d87-1cba-47ec-b3c5-463c1f9c1425,b0d32590-b636-4a99-9537-134d134fd27f,b10dbf9e-7342-4eea-8354-878ba1214e95,b126257b-a78c-4783-8a0b-53ec0845fecf,b152dd77-c6e8-49c1-9947-9efc7c505fb3,b1cd52b1-ced5-4a16-950a-f67100f075ca,b1f6cdc3-4320-4a06-8df1-94a1bcfbc168,b27cb38e-8e8f-434c-9bbb-9c9820f8b48e,b2cd1d2f-89f1-48ae-bd0a-20cba34ef24b,b373cc39-7997-44cc-96d2-d398a16556f9,b539dcbc-85ae-4bb6-8dbe-1ffb35aa3704,b5b8bbe9-9010-4fd4-bf0a-e96591b77a3c,b61a66d5-e0c4-4eab-8082-55f2a15fe11f,b6e3fce0-01ab-41f7-9d9e-d94a9b983039,b8074240-7a9e-47cf-980d-ab05b2fca903,b83c0471-648f-4967-aef5-208fdae47668,b872882e-2236-4322-9e33-0ed69b0201d8,b8a407e0-7730-43d7-add5-40ca09bd8d45,b8b07eed-8096-46ca-b92f-ac4872dd9996,b8b264b6-17b8-42f0-b30e-6b253eea0dc1,b9434dbc-88d4-4af4-a4a3-966405f70de8,ba972de9-a986-40cd-8657-8a2fcc601d9f,bb1be7bf-cf8f-4252-ada3-9e6b15357ab3,bb3ee238-6ef2-4fb2-88b7-74beec0c9b9b,bba58336-ff63-4489-8958-a9060b18af2f,bbc24405-d25b-4cc4-9210-904ce6c14b12,bc339da9-8c84-4133-8b2a-251fe68dcd6e,bc8ce4de-1c63-49ce-93cd-75d3a4ca8bc2,bd475a61-399b-4e28-ac12-76ae67ae4f1e,bd8c32b3-044a-4854-b674-66893bae2d84,bdfcb144-3181-4176-a819-b7b849e717ad,beb9642c-6728-422a-8bfb-6a7888c4d04e,beb978ed-36f6-42f4-893b-9184a120b138,bed5f357-aaf6-4d46-bf62-8e735d4641ff,bee3432e-b620-408f-a399-6ef494631c6f,bf6a0e59-b800-4c6d-8853-68caf49164a2,c0f28064-1f1c-46f3-8c0c-4bddf6c4d6c4,c1074999-ef1a-4ff4-9175-15d8f3cf9548,c14d6e0e-922b-4ac6-85e4-74abf6ef07a3,c23d499e-cd9d-4835-8b07-6b811a095b66,c24f12c4-72da-4b8b-a20f-f2b5ceb8a5d6,c25f7a69-e2c7-4d08-84e6-d59f068a1b32,c3898ed3-5f72-4a8c-afd2-63791f322b72,c57789de-127f-44c5-81e4-967e9f8cd4fd,c5d5c5c9-04ce-4757-bcdb-aadb39c6b71f,c5ed42a5-f692-4294-9ef2-17cfebce4419,c76b1b7b-21d9-4a81-9ee1-4ef28386aae7,c76cbb1b-51a5-4a9e-b983-5577efc7c21b,c82b7d98-adf2-4914-82c6-bbe91b2007ba,c87e4a5f-5e24-44e5-9d76-4bf0e1965e31,c8995e9a-5e78-4998-a4b9-020af2485122,c8da3edc-5fdb-40c0-9f6d-4c512e2ed7de,c90eed5a-8854-49ba-8e96-c04d76050cc9,c9f09cc3-b350-4fa2-a0be-ea7fdc3db69f,ca32c448-9060-4da3-9e73-8472affc94f7,caf82b4f-6cfb-467f-9823-18ae9045c011,cb367d66-18a8-4e77-9d03-107b3b4c388b,cb57ff7e-672f-448d-9c76-b2f58d6d98f9,cc244e3b-0aed-4435-b497-026c31d6a02d,cc733507-b129-4b08-8b1b-8d18901364c8,cc9358eb-50e1-4e15-aa0b-806a4035b2e8,cd59e628-ee11-4d94-bc74-e9f31af95642,cd67500c-faf3-4972-b370-f00964af7438,cdc84785-76ee-4010-bd3c-ffbce56963e2,cedd015e-c250-46fa-95c9-373f3ec96e3d,d008fe76-4ce1-4ab1-99dd-0f625a0ef6bd,d05c6321-de88-4456-a04d-13f0349e24ab,d0937bea-3963-405c-ab94-3465474b4bdc,d0d1b72c-f931-4bf9-8b17-b7689e2be975,d0ee3dbc-d892-4af5-8f0f-adfadaec5751,d1cede36-33cb-48c7-8c0d-e8afa7dc6ae6,d20249e9-53ce-4afd-8da0-828cf9aadb49,d261dbb7-f420-45b3-bfda-e6d8ae3ac60c,d47263b3-8817-4050-960c-4223e7023751,d4ab68a8-15d7-4bb6-ab02-b663e8d3abff,d50b346f-28e5-4377-8db3-363128102761,d783edc3-c6bf-47c4-b3f4-f77d4f7a34cc,d783edc3-c6bf-47c4-b3f4-f77d4f7a34cc,d8b793c4-98ce-4821-a326-2fc0578c2410,d8bf7f1c-ae89-4439-b641-4f072b023acf,d9a65fcd-77c1-46c2-95a0-065a490e94ce,d9c85b96-94e4-40ac-b233-a234d387e43d,daa1766c-547c-4d38-9cce-424ecd50c2f1,dab2bff1-194b-4d3e-868b-385916861b75,dd70fee4-da15-4da9-b7bd-921939406b14,de542ea3-8f54-439c-9a36-53587ff606e1,df636803-9fd8-4314-b212-49cdb3a86762,df80da5d-1545-4551-9dcf-01daf97fdc64,dfb6c447-509e-4f45-b176-fcae4654a895,dfda240b-3df1-4c96-9d05-fe18ff9930cc,e055c855-6f37-40d3-9723-6941f439e8e8,e0a21af7-e3cd-4f42-bf7e-3222108a0136,e0f3a352-c60a-4a4a-93c4-7723ca0043c2,e1c89c86-a9a9-4cc4-81fb-f5946064ed75,e3d3541a-5894-4433-b2e2-fe2d4bfce186,e3feeb61-1643-4793-bd60-d2672164b76b,e42ea902-96ac-4a4f-ac73-cc2b6d326112,e5610d14-81b8-4e57-a57c-ea2a92ba5f84,e58012d6-3e3c-41d2-b015-d2197578194e,e67c90db-f51a-4621-b675-6fc8e14a8e6d,e68c0625-8a11-4feb-a0ee-1e335e75f5e4,e7699a6f-d6de-457e-9319-f6e5c0f7d94d,e77eab72-f303-48ed-806b-1c5b545edb69,e79b25d0-fb49-4738-affd-700dfac91a87,e7b95b60-fe83-47e4-8f34-4280789f075c,e7c23137-dcfb-4703-92a8-6fb82eef7298,e8562475-d14f-45d4-adfd-d8be42e92dee,e8bc981c-866c-4902-9a3b-e1bd17d40431,ebecac02-086e-4b23-85f5-2ce963a1a576,ec052a85-f5a0-44ad-b6bc-8cf3880b6575,eceebda3-9f00-4031-a055-dcc4fce01541,ed41c8ec-c610-47e5-9737-19b505850d93,ed96cd23-713f-408c-b664-992f3a0bf510,ede78a48-8e89-4d29-9f3c-debff542b339,ee49df4c-c28d-4643-bdd9-1d960dd9463f,ee5d91b8-0ae1-47db-9891-127e60da1866,eea3573c-da78-486c-8228-dd275f993587,eec02769-5568-4ec0-888c-110c3f1afab3,eef029d6-d1c1-4294-8661-061d9decc4c7,eefaceb3-9d51-4881-a3a3-df815f57c4e4,ef969951-5c73-443a-9521-37ecc0a97a5c,f0485929-65da-47cb-b9a4-442e6cfc94d8,f049876b-f6f6-4ea1-b2f4-e9d319e2b1eb,f05282e8-8b77-4655-b6fb-ba5aea38c079,f07b77a2-2a48-489f-aa75-88d73946dca7,f1590525-362c-4b10-a468-1ef317b0202b,f1fb8331-34ab-4f59-af8d-7dc1f2faeb50,f2d2337b-f1cd-44fb-a636-2ea6b21d85f4,f38db788-6380-4224-99b3-46b5bdc5de06,f420d0c6-0fdb-4a7e-a908-84b8a0c776f2,f440db42-d608-4c52-9cb1-58e8dc03ef27,f47002b1-4d5e-417a-a820-53d9129de454,f470092b-7ed3-469b-be2b-480a3854020f,f55bd07c-b23c-45e8-bc6a-42212483af2c,f586a9a4-8dd2-41c0-86bb-68221ad247b0,f5893e3e-abb9-428f-99aa-cf2d59b8e041,f65a758c-004a-48a3-9f4b-d0d94216ad4c,f68028aa-abeb-4dbe-9b23-74f4b61d45a6,f68a18ab-7ad0-45e6-9bc8-ffdf9d2ea517,f6a00c7a-b7f3-4e7e-8f89-dfca4d71aa73,f6d5a918-1967-4b5d-83da-3dcfca82b7c8,f79d4fe3-8be8-4c99-964c-25ac0356fe3e,f855bd29-8977-427d-9bf4-ce659df1bab3,f88b0a83-0550-4ded-872c-ee07a6d3aeb7,f94a4872-e42b-4e65-90f2-e17e37649f28,f9c3a075-9c2d-4295-b107-3c628c77c9ef,fa96256d-9bf5-499f-9bb7-f9a525841b29,fb4f9db1-0b1d-4cbf-9cfe-b4242410249a,fb713fd5-f61b-4848-af8b-2e415547484f,fbc20b5d-14b7-4869-8fb9-6b06300c8bbf,fc0ebc0d-02a9-4528-9181-8ace17092883,fc3abb6c-b1df-4aed-b91f-0009530f74bd,fc88acb3-c731-47b4-bda8-e809390d10aa,fc8bb033-c7f8-446f-9198-eff18c7df5c2,fdebafb0-d277-4ea9-8781-11290724478e,fe0c6410-2b1e-4b45-bba9-cb5bc3400917,fe5c1ff3-13e0-4c05-b926-a5e2294f3a1a,ff8d1875-d2f1-416a-9355-b01378518b9a,c010a8e9-12d6-4a84-9192-0f342e003e38,2cc48b1b-bd08-4efe-bb34-e60ff24baea5,98be6046-7d54-41c8-97d2-61b85adcbf38,294abc12-350f-45db-a916-cd1e2f593772,3d16ffb4-572e-4986-a807-148a9b1d4e3c,9ecafd53-7aed-4896-9b7e-6f38df6b9ff3,c9300d4d-4b52-4d95-bba3-73102c259806,5676231d-44d4-4ff1-80fb-ba516af3e295,788661d4-7757-45c3-bf0b-60aed74cca57,80f937f7-7d2c-4e38-ae46-f49484960df6,173fc357-ec30-4cac-9de1-282d53842a21,c17faea7-7a7f-41bf-a511-8e794dc4fbd5,d371f1dc-4194-47ae-a39c-50c906dba2a3,34814924-0068-4bdc-b8b0-4d9848e166ce,ad6768c9-9a21-488a-88e2-b79983eed0c0,48b21360-9d0e-431b-a91f-1b0b8574f04f	Consistent	FusionSeeker
PIGK:RPL17-C18orf32	PIGK	ENSG00000142892.15	chr1:77129720	-	-	RPL17-C18orf32	ENSG00000215472.10	chr18:49488483	-	-	inf	7	d8634aaa-73c1-41b3-9ecc-41b28414ddae,0c65c148-365c-4574-9822-1a3eefd6aed2,3b3fa158-9822-41a1-8efe-7ecf11a4b95e,3df0e392-28c8-4e4f-9fe2-2ee1e56a7be8,729f1f99-0587-4330-8e3c-9b9bc224f71e,99fdbc7d-39be-42a8-b06e-d8afda145eda,ccd1a023-b3de-463e-9a26-54f425c2fbe4	Consistent	FusionSeeker
EEF1G:CHCHD3	EEF1G	ENSG00000254772.10	chr11:62566972	-	-	CHCHD3	ENSG00000106554.13	chr7:133035356	-	-	inf	28	f521ba32-e662-4b6a-adbc-88f470783bc2,0919bb02-d91a-4a09-8213-fb19f49a47ab,1c4a3ba2-eeb5-4f09-8778-9326032aad04,2e12456d-a18c-4c6d-a5ae-f6e770c14df7,c6834ed6-dd2d-4581-ba8c-6de206fe76cc,d08c5937-6bd0-4974-aeb2-0edd59b60bef,f1222eb9-2741-4248-89ad-c8489696a709,30ef49b6-4751-473a-8aa1-abd34c837438,747f9f4c-0bd5-402a-815d-eb652d81da6d,8f600d78-1e17-4dd5-9878-2a70c5ab6e3f	Consistent	FusionSeeker
EEF1G:CHCHD3	EEF1G	ENSG00000254772.10	chr11:62571054	-	-	CHCHD3	ENSG00000106554.13	chr7:133035564	-	-	inf	27	fc6e49a1-58a6-41f0-82a5-c27cad8276b0,01ca0555-767f-400c-b5f6-5af0504c9945,01d8774e-4e74-45fe-823d-14505700b173,19b5f2db-1b31-4802-9547-1631c6187415,1ba1986e-9812-47ca-82c3-2b5471a9704f,1d18c6f8-66e1-4ad4-9f54-d25494507bac,20798939-5b58-4b0a-a9cb-d39b1b93926e,250d582a-3d90-412b-8648-7fefb1854570,3d193a4f-fa5c-483a-bafc-407ab823e203,4334e5a5-4d14-4490-aadb-7afde7c2880b,469fe811-d08e-4168-b03e-26cba7f4e1fa,a4bf14a6-2ec4-42ef-8821-99b9c783a3a0,a96c1341-242e-4d43-850a-bcfebb6d47f3,b03eb294-f6ff-4048-8e8f-8cb9fd1eb35a,b4bdde3e-e247-4f00-a75a-3069b790a603,c527db4b-e40d-418b-88b4-0a8a8bffa36f,cf83f240-8a0c-48fd-b868-aa12d3ce50fb,e0eb6fed-b883-4e39-aa34-1e6792e5d99d,f836d3bc-fb8a-4736-b08a-c5637d0ee0e5	Consistent	FusionSeeker
EEF1G:CHCHD3	EEF1G	ENSG00000254772.10	chr11:62559604	-	-	CHCHD3	ENSG00000106554.13	chr7:133034508	-	-	inf	4	f24ad68b-f7bd-483d-b2a2-049e086df4f3,21f907e7-7130-482c-86f5-376c194e760b,6a0a70d5-ecaf-43ba-ad53-5fce00bd16de,c7606b4c-90f5-4f6f-87bf-3ea27c66e395	Consistent	FusionSeeker
ENSG00000278996:ENSG00000280441	ENSG00000278996	ENSG00000278996.1	chr21:8218710	+	+	ENSG00000280441	ENSG00000280441.3	chr21:8401744	+	+	183034.0	28	fbb05d8b-69cd-4a5b-b651-f92825fedcff,098f416d-5861-4d7f-bcc4-0947f9627514,0e4e530b-bf19-4333-b472-eabd2654319e,1060de4c-69fe-441e-932d-bc013a4b4f35,1488693d-4375-4d67-854c-335d0ec590bb,1defbe68-7a62-4307-b782-5c701824140b,353d6586-451c-4418-b6fc-42a882368a69,55c1576b-118a-47e2-8687-92090e0c4436,5685bf89-2b33-486f-a1c8-a2747312a749,590d3317-ee14-43c5-acaf-e5972037ebcf,5da5899e-f3e1-414f-a5f3-233ac64e67e4,887740c0-80fc-42cf-8933-04bd3c2529d8,c2c0aad3-2409-4a85-9ad0-13c5a9e27966,ca21e0c7-7d7d-42d1-a258-ea536b5b8899,cab43ba6-5ee4-487a-8f5e-05b49e730597,d3442b59-bc2e-4c0b-95b3-fa9a1ad79e36,db1c0e90-1841-4531-9d4a-3523a0c80825,df455492-6723-422b-9577-03c17a608269,e3a8c4e2-d76e-495c-abad-b0d204e1ffc0,f0764870-8360-495e-ac00-c87e8246e0ab,f4d9a481-27da-44c0-aec8-fa364dd762b2,73342927-6bae-456e-8868-59afe582af68,8e17ab09-29bb-4101-b344-cef9be75a322,de673dc8-5245-4364-855e-dd42af0e5c5e,1120230f-76b4-40f9-9052-a8eb04660858,68834500-7fde-409c-a6ef-82408f63e6a7,998d825a-1111-4c91-8ee7-80203f103e3d,6c38b33d-da90-4f89-9bdb-70f56d44f031	Consistent	FusionSeeker
ENSG00000278996:ENSG00000280441	ENSG00000278996	ENSG00000278996.1	chr21:8214467	+	+	ENSG00000280441	ENSG00000280441.3	chr21:8397514	+	+	183047.0	27	fbdf0245-81b1-425a-82fd-8f78b65303f1,0a08aec0-3338-445e-897e-44ed55d6cade,1b94b26c-5e53-4ddb-a1b7-27f7d1f6def2,1c3c42af-8268-4606-8434-f0a0db8280b9,40c88325-caa0-4f03-9960-b521f828c81c,60c00537-1dc5-4cbe-becc-0f0171622381,77473f91-4ff3-4895-befa-86c1f63001df,8b8379cd-877f-4367-8c7a-78dac8987e33,8dca9e91-714a-4271-b8e0-8c5d5dac142f,96b77c40-4cba-436b-9033-0a31d8132c43,c8c75f9b-8e7a-429b-9e6d-e6cfc85d1361,e461f4de-e05d-48cf-819e-3295e3cf6570,494187f3-e327-4f67-824f-33bc1d303488,e3dcf302-832e-4a10-bf10-750ae8233eef,3e87f8ca-3248-4675-a890-d5c6e6333c64,881f6b05-f5df-4ea3-a923-e4ffb23172c4,bf0e48af-f31d-42b8-b874-caeccbd00957,e2f43b80-d12a-403a-a300-13f0f96bfcb9,c469491e-63e1-40d8-8bf5-8059c1c0f889,966eb049-0de6-44d0-8e97-93748f912850	Consistent	FusionSeeker
PPIAP22:RIPOR2	PPIAP22	ENSG00000198618.5	chr21:18858198	+	+	RIPOR2	ENSG00000111913.20	chr6:24976925	-	-	inf	15	e7bf007d-f893-44f8-8b7f-11e78103444d,59683569-9d61-4412-a9ec-8d2c57b6819d,5b3bcf0f-311b-4067-b29e-d4a3d7f69b0e,6a73752f-d7c1-4c0b-94f7-e5f82547cdaf,7695cd03-67e6-46d2-910c-e43dd5635fde,89f08193-6d8a-43ab-b401-7ea242029a4a,96bbe512-b430-4768-8b61-d7578384a554,c8263636-2e40-4496-9c83-1c7e374783f3,d1aa043d-8ae7-44d9-bf19-3ef1fde1a750	Consistent	FusionSeeker
ENSG00000293331:MT-ATP8	ENSG00000293331	ENSG00000293331.1	chr1:634024	-	-	MT-ATP8	ENSG00000228253.1	chrM:8391	+	+	inf	4	8267a0b4-8163-404f-bf0e-f094cc82fe99,02229e0e-598e-4ece-b1fa-fb97175390dd,19a4b1e9-2784-4120-a454-9091f020e1e8,1f78de1b-4e29-43b9-9e6a-6ca06921836b	Consistent	FusionSeeker
EEF1A1:EEF1A1P5	EEF1A1	ENSG00000156508.19	chr6:73517514	-	-	EEF1A1P5	ENSG00000196205.8	chr9:133021173	+	+	inf	14	e97b7e83-dc50-4399-b5bd-7c8f91bb597f,17844264-f786-4728-adda-7cc516b7c7b6,46aae6a1-1f4d-498a-81ac-ad24aa08c95f,5766ab66-8fd3-43b6-979d-e7247836e8d1,584aa2bf-e984-4cae-9e6d-b433b3886fa7,6839622f-c57b-4c12-b5d5-1f8d39bed0c3,6a414b89-6a34-4054-9315-78c4aa7f1d3c,7edebcd7-711d-419f-b2a5-59c9079f05ea,82d8779d-ca5f-4d3f-baf2-6b4e17d892dc,86ddd207-b6f2-4f42-bfaf-34e22f070ee0,c6097b16-886c-4982-a7f3-ea648039e444,d22342f4-a0fc-467c-a9f7-ce2945d1c376,e426b9f7-decf-4479-bfab-754f9730a2eb,e54cbc89-1c1d-4e4c-9221-333f8eb7c34d	Consistent	FusionSeeker
EEF1A1:EEF1A1P5	EEF1A1	ENSG00000156508.19	chr6:73521030	-	-	EEF1A1P5	ENSG00000196205.8	chr9:133019424	+	+	inf	4	f9db5e6c-8345-4954-8a47-fbdf83028a47,1d7eb89e-9d72-4cd6-b653-5736ee5780d3,a2a6e3ec-b57b-4ee4-9341-3419e3da025e,a6f18265-4d09-48c1-9db1-5193535bcc97	Consistent	FusionSeeker
ORC6:C16orf87	ORC6	ENSG00000091651.9	chr16:46696006	+	+	C16orf87	ENSG00000155330.10	chr16:46824384	-	-	128378.0	5	a2cd493d-0b45-4d9c-a059-ce72db096a5a,030094e4-93e9-475b-b9c2-77a877bf00d0,0533c4cd-1abd-4100-8f72-3f1820191f61,45163f6d-d81e-4776-8916-d08ebf9ae607,9acaad54-a428-4ec5-a879-5da274ebac7d	Consistent	FusionSeeker
BCR:ABL1	BCR	ENSG00000186716.21	chr22:23290412	+	+	ABL1	ENSG00000097007.20	chr9:130854063	+	+	inf	52	f52eb887-3f94-4a20-8546-19f8695d180e,0328aaf6-1b42-42c9-b505-d3b84df779f8,13581df7-a34b-4968-a43d-f984d302e89c,145b768d-fdda-48e7-a764-5e321b961329,2004c256-6c58-4034-8661-7a553ee6cfef,2037e0a1-b653-4f5d-93ce-1e27224b95b2,25c454c6-5b8b-4326-ac7c-c1e10ef4296c,27a3c1cf-15de-4b6a-84b9-b83dce9d9f71,27a94218-88ae-4569-9f43-ca2efcf359ed,2a49f074-a75c-4d4b-aa60-c874d051deb1,31379b76-cc95-4c90-9993-640f362ec15e,4a500a4c-367a-4e24-b7b9-9725798e0777,4dabea70-323b-40fc-aa87-642a8eabacf6,51df974b-f39e-44d4-92be-6c6e3293f42d,51ebae2e-f864-4775-b15e-8375977e61df,5aa781a9-5d37-4213-aa4e-d49315539685,5beab361-cec1-4af6-a601-e38137f92c0f,5e985c89-f416-4c87-83b4-e347987c5f20,5fc336c6-69aa-49f4-8e45-bed3094f41ca,635ecd5e-c087-4323-b83c-15c019d30519,64f46f65-3a95-4939-b4cf-9351af14464a,6e2a0773-f03e-4d20-a720-3c1236884054,70abfa7c-c270-4469-9415-b419fbe03075,781c3b35-a6b7-4554-a006-0cb219ee892c,7c529bed-5197-45d4-beed-444187ac8a13,7d9f7d61-53eb-46d1-8eb4-ce11aa8e2b4f,81dd84ee-faf1-48bb-b93d-835fc43e41ee,82057709-6076-4366-b7f5-d0061e74bb0b,8b90077a-e2d0-472a-948c-cc637206e16c,8c8ecfb3-4de6-40ae-8a01-bbe0ef7ab446,918ea9a9-4ce2-4448-864a-ebb55c016378,9297b1c8-7a5f-401e-ac25-44620607930f,9695f92e-660d-4450-87d8-a39cc9b94a14,9af754d0-56d3-4e1a-adab-716ad746f3e3,a01ebf43-2284-4535-8d4f-f270f43ddc8a,a096e8ce-c6b4-4645-aee4-3cab925bab01,a22e7e0b-5825-4ed5-9a7d-7e6884d8310d,a8ad2aee-b462-42aa-a5d3-880eef59678b,b2397be1-f785-436c-a23d-a24f3f42dd22,b2aabfdc-3a79-4329-9f42-470dde772402,b577dd11-6a0b-4a9a-9fdc-4f3fe8c146ac,b92bcdd6-a03d-412e-b3e6-151c0161a06a,c1074d62-ea53-4692-a35d-cf6653dba126,cb8462a5-dc54-479a-8985-87a4ab15569b,ccb6bd6e-93ba-46c8-bc00-0391acc79aa9,d0dc9aee-f875-4f25-8a7b-1fcc564fdf92,d0dc9aee-f875-4f25-8a7b-1fcc564fdf92,d221cd0a-94ae-4716-989b-c6916b867f2c,d638a214-8b52-46aa-a469-5d84187c85f9,dc4f128c-7c46-43d5-a87e-6b7e06348b05,e6fbc832-10b9-4f0a-a889-cb84ce7a3540,e9cc7d40-0cc8-4d37-aa8d-9e66dddc8437,f49ee1a1-58b7-483b-b64a-24d3dc7abfe9	Consistent	FusionSeeker
BCR:ABL1	BCR	ENSG00000186716.21	chr22:23290413	+	+	ABL1	ENSG00000097007.20	chr9:130780368	+	+	inf	7	c17e7c8e-0149-4d8b-9237-26b5858ff694,03d7adcb-235e-4a27-826f-41bb96cfaabf,059cb929-8eea-4c62-a541-86777f3aaab3,29ff775b-19e9-46e0-8305-a30110771de3,2ed694f4-1467-40fd-8029-9e8b80a476ed,4c130156-9792-4697-a02d-93695598b301,7ca09ace-44c2-4aa3-9323-247ff77abb41	Consistent	FusionSeeker
ACTB:MT-CYB	ACTB	ENSG00000075624.17	chr7:5527606	-	-	MT-CYB	ENSG00000198727.2	chrM:15275	+	+	inf	4	f1cbbeb0-46ba-4313-8725-1c8152ca7b4d,0345e288-a6f2-440e-812e-14a9d2f302d7,304c9b84-6ecd-4f60-90ee-35c95c5cb8cf,4c30da0f-3f42-4c14-aac6-e0010df44c11	Consistent	FusionSeeker
RFC3:EXOSC8	RFC3	ENSG00000133119.13	chr13:33823983	+	+	EXOSC8	ENSG00000120699.14	chr13:37017366	+	+	3193383.0	4	ff2c33f7-20be-4e60-bc26-7bfb5265acb2,034a4010-7709-4b5f-b104-ae09a10a0f41,b7d246a4-3cf5-481d-a67f-ecda25021765,bc5bb394-eea2-4447-8cb7-a343365cbfa4	Consistent	FusionSeeker
HMGN2:TJP1	HMGN2	ENSG00000198830.12	chr1:26472607	+	+	TJP1	ENSG00000104067.17	chr15:29730733	-	-	inf	8	e2738e57-c5c9-4fba-bb13-71c7cbc23669,6ce0351e-45a7-4f98-8c66-f7468c6201be,94c22a05-3e28-4c38-a37f-fac6e6a52066,ac7f29f3-72b1-4a53-afd0-1b81b03cc509,e18cc831-1597-43ee-b188-e039c47814fb	Consistent	FusionSeeker
RPL10P16:RPL10	RPL10P16	ENSG00000178464.6	chr19:12643176	-	-	RPL10	ENSG00000147403.18	chrX:154400911	+	+	inf	4	a5cef91a-4485-4367-b272-605098d908eb,2102d0db-17d6-492d-8af0-12646873ed29,49508237-1d63-46ec-ad35-8b1229fa843d,774eafd4-3d8d-4b7a-b70a-bf7c34f1e384	Consistent	FusionSeeker
PPIAP22:PPIA	PPIAP22	ENSG00000198618.5	chr21:18858491	+	+	PPIA	ENSG00000196262.15	chr7:44801627	+	+	inf	23	ff9b6229-79d0-49e0-988d-64ca2c6e1a20,11ada3fc-b702-470d-bfbb-c9378a633ec5,3d7577e8-1d64-4fd4-b4b3-fe59e1d32a98,48d2406f-0d91-4b4a-830f-6f2d7e9cfd3e,51dfa096-0f52-40fb-a545-ced0040f6e89,61115c11-3ce2-4f46-a967-e3156e5fb0c5,7bbffc87-3b58-4993-b43c-43d3f8ca0df6,8765609b-ba6a-4863-9bc2-8a782ba1b8c0,96a60074-49f2-4bfa-a1e0-6e2c5d501107,a1ec2d81-d0c3-4af0-9228-d66140167257,a91722b6-044d-4e0a-915c-1dc4c5c323d5,cd7fae39-8456-46c2-90bd-fe7da5149ab9,d10b9692-1029-4d3d-bab0-94644d2abf89,d814bad3-9c66-4a75-8ce3-faef30869c2e,e6a9d817-cf8c-400a-acf4-ded58a6aa07f,ea376332-146f-44fd-94aa-8750b670e6f3,f620d2a4-88a5-471b-9c1c-331187f968d3,fccb707c-1b75-470e-a7d9-f770b3754daf	Consistent	FusionSeeker
LYZ:GSE1	LYZ	ENSG00000090382.7	chr12:69353779	+	+	GSE1	ENSG00000131149.19	chr16:85667558	+	+	inf	4	a1fdf292-daa5-44a9-b31f-a5c87582a1b5,04c772d4-af1b-4a8d-82d0-c814f7ef72d7,39a28353-6858-4539-95d8-27b600ee4811,443de56a-619b-45e1-ba1d-e5f34667f685	Consistent	FusionSeeker
GAPDH:TXNRD1	GAPDH	ENSG00000111640.15	chr12:6534519	+	+	TXNRD1	ENSG00000198431.18	chr12:104265911	+	+	97731392.0	4	d5626562-54bf-49cd-a724-18202ead2ca6,0508a02b-ec69-4c0f-beea-c4d329c28c51,a6c441a7-6823-4e23-90db-a636831563ea,a92a0ccc-4ebf-4c1a-9c90-5a9fb8f4b6ee	Consistent	FusionSeeker
GSE1:ATXN1-AS1	GSE1	ENSG00000131149.19	chr16:85556364	+	+	ATXN1-AS1	ENSG00000229931.3	chr6:16762348	+	+	inf	15	fbed7037-d586-45c9-b19f-2e34eba1d221,05ba747a-29a2-4905-b4c3-b976bc0ec35a,0c8c0cf0-29db-4814-a095-bca9107ebd25,116fefeb-ff66-4aa8-b509-adca3c4c920f,1cf5c4fd-e81a-4376-8b98-44f4d56d19e1,2d15e9d2-97fa-42e4-a4e9-a9d713c8bd7a,5a998143-6db3-4c6d-a69b-4eed8412abd4,5ecf1bf4-f13d-4340-8b93-1a3b0fa80039,63a09625-4daa-4724-bd1b-60e39b145cc6,6de2ed3a-62ed-4938-b282-c7f936a4c140,932fd119-8b8b-43f5-ab5a-1ce736dcbead,bb52e453-75d1-482c-9443-9e4f5a6580fb,dad8394e-16ba-485d-96e8-a3bb68b4b43e,e3693661-33a7-47fe-b301-f982ced7c949,ee59936b-5c02-464f-b1af-660896ae59df	Consistent	FusionSeeker
C9orf85:MT-ND1	C9orf85	ENSG00000155621.15	chr9:71953955	+	+	MT-ND1	ENSG00000198888.2	chrM:3569	+	+	inf	4	cbb1153b-d767-492f-993f-0b6801aca636,0646a5b3-95f9-4768-b117-d2cbd2eaf9d7,1c9d374d-29e5-4519-a742-ea391be67500,77b5a75c-114d-4037-9df6-b88e06d23409	Consistent	FusionSeeker
TXNRD1:RPL18A	TXNRD1	ENSG00000198431.18	chr12:104265909	+	+	RPL18A	ENSG00000105640.13	chr19:17863301	+	+	inf	6	88189d03-d9f7-4fec-a9c5-7c103a0f2a6f,06775914-cbdb-4e29-bc84-4f3cd6db80ab,2362ab4c-2e7a-466b-b19f-968154bbfb71,6cf63928-dee8-4148-b41b-e3d0a774ae59,72e065de-752c-4314-aadc-194c2f3ab8e5,8368a9d7-4278-473c-92f2-b15866a75515	Consistent	FusionSeeker
TXNRD1:RPL18A	TXNRD1	ENSG00000198431.18	chr12:104265275	+	+	RPL18A	ENSG00000105640.13	chr19:17859920	+	+	inf	4	ea334858-0e92-44ce-99b6-23e765f7a226,36126303-b8c9-49b5-bf52-7987d7205101,60dcbdc2-38d1-4384-85bb-1de878788ec4,77ba8462-8b88-487a-8c39-4ff1e17cce41	Consistent	FusionSeeker
AGPAT3:PDLIM5	AGPAT3	ENSG00000160216.21	chr21:43932049	+	+	PDLIM5	ENSG00000163110.15	chr4:94665465	+	+	inf	8	b2470d4d-a645-49f2-9cd2-4c9220f418d0,06c0f02a-b931-4f62-85ea-6124cb314dab,8bc6ef10-6a24-424a-b2ef-f37683cf3f94,a6cc0e2c-fa75-4236-88c3-7bbf5e313cbd	Consistent	FusionSeeker
KCNIP2:ARMH3	KCNIP2	ENSG00000120049.20	chr10:101829199	-	-	ARMH3	ENSG00000120029.13	chr10:102040012	-	-	210813.0	6	b2071443-3bf8-4bf8-863e-4088b335cb12,06f6d2cb-6af6-4ccf-b615-2df010c2318d,0ba33df8-a7ad-4b4f-96ef-ad873bb82d45,16a4bba8-a712-429c-b197-0b56152783fd,3d0423e9-c6bd-4749-8b13-2adeb49e69de,68849842-b11d-4320-946d-2161d1a3a44c	Consistent	FusionSeeker
MED15:RPL14	MED15	ENSG00000099917.17	chr22:20564691	+	+	RPL14	ENSG00000188846.14	chr3:40462049	+	+	inf	21	f2af3267-f66a-4024-9eba-af7ed107b662,07a8e77a-ad2f-4722-aaf7-184f94937ce2,09b0b33f-59d6-4127-8caf-95cddedf2f5f,1278bfa6-7961-4a3f-b76c-c7a700219676,7920ec38-ae38-436d-9c76-1e5f5e7fa804,b9cfce6f-cb72-440d-b78a-b42f3fbe74c1,c0b96ed6-2770-48e6-b8f7-3216267cf138,cc68231a-39af-42e9-aa1e-8c48704f4218	Consistent	FusionSeeker
ENSG00000280441:MT-CO2	ENSG00000280441	ENSG00000280441.3	chr21:8397324	+	+	MT-CO2	ENSG00000198712.1	chrM:7675	+	+	inf	5	ce2fbf65-9c87-41c2-8dfb-7eb4ccd398ea,1ebe09e7-3562-4b79-a4e5-19b5ac9da171,6bdc9bee-3468-4fd5-8394-b790e4929f21,a71ac42e-7325-4c39-a987-3c5c1a570afc,c523a100-3610-4179-9562-edffe4a73665	Consistent	FusionSeeker
PTMA:DTWD2	PTMA	ENSG00000187514.17	chr2:231708719	+	+	DTWD2	ENSG00000169570.10	chr5:118974045	-	-	inf	7	faf2deb0-d2a1-4d25-9521-81e734243d7e,07ce7e18-2b07-4621-8722-1ab516a407ed,17aec0b8-8ca5-4f6d-85ee-7921225475f3,23263a9f-ae63-4520-a012-1ed5a0ba1299,5197e4b1-9d6c-4052-84f4-8f62dfd46bd2,7385654a-e2e3-45c8-8313-5718597f4692,d2aadaac-c339-4861-8a86-9326f4bd959a	Consistent	FusionSeeker
PTMA:DTWD2	PTMA	ENSG00000187514.17	chr2:231712483	+	+	DTWD2	ENSG00000169570.10	chr5:118974062	-	-	inf	6	9a8f1169-e6c1-4120-b325-a47482e25f4f,22b02f2b-7ec1-48bb-af7c-f7a79df82ef7,84dfbc15-79dd-49f9-83f9-840aca2fc1f6	Consistent	FusionSeeker
GNG5:AMMECR1	GNG5	ENSG00000174021.12	chr1:84501956	-	-	AMMECR1	ENSG00000101935.13	chrX:110346793	-	-	inf	12	eb54f0af-2c9e-4889-865d-aca000db81bc,0a7a8fc7-2003-4f38-8743-0a9674cf6732,14ffffee-c7f1-4004-ad6a-7169150e8d1d,32678ada-9e80-4927-b8cf-8f87e7d2a347,3a1e1bb8-c4f3-4c3b-a6ea-92680f91cea2,3abfffdb-16d5-4f57-9c30-a0a26af496dd,7a169304-9e58-4c52-a2a5-c22d5ded5f2e,7a78f8c7-c39d-4afc-81e0-4fc5ff8c825a,aa0672e0-16e7-48b6-83bc-d6ec16ce4e76,ab88caaa-23ee-4a84-aca4-18f464ba2d38,ada003f5-e68e-4e70-bc78-418c2b8af533,dc3972fc-9cf8-4329-b2d2-26e870c78e9a	Consistent	FusionSeeker
RPL7P9:MT-RNR2	RPL7P9	ENSG00000137970.7	chr1:96678804	-	-	MT-RNR2	ENSG00000210082.2	chrM:1684	+	+	inf	4	a6e87b98-7fe2-4679-8d80-4a6c2e7d8116,2674f3b0-4ed6-4006-af57-c36411aa535c,2674f3b0-4ed6-4006-af57-c36411aa535c,9e740484-dfed-4679-ab04-88b8aec25f5e,a1d64480-6a16-410c-bbd8-ffeda24b339e	Consistent	FusionSeeker
RPLP2:EEF2	RPLP2	ENSG00000177600.9	chr11:809982	+	+	EEF2	ENSG00000167658.16	chr19:3984260	-	-	inf	4	c56a1f37-6733-494a-a876-1d58017bcc24,09099b35-7afa-429b-be8d-05186ce00261,60450468-554c-44e5-ac5c-a17ef5de4959,728c5adb-61fb-400c-92ae-8ba907ee7c6f	Consistent	FusionSeeker
XACT:LRCH2	XACT	ENSG00000241743.4	chrX:113963552	-	-	LRCH2	ENSG00000130224.15	chrX:115163782	-	-	1200230.0	8	d981cee8-d7dd-4096-8186-8a624bcd0c81,3e605c94-d10b-4a93-bdfd-26cecb3ef167,61faf697-d919-428b-b996-630d3adfdd62,62c49dba-4774-4fa1-9af5-041f2ae671f9,63b42217-2b96-465a-a547-b562ade3aca4,642413e2-49d3-4f5b-aaf0-81d8c6ae6af3,a50b4af7-eba8-4010-8e2d-0a76469e351b,b90eb977-fb82-48ba-a6ec-da9c60fd0b22	Consistent	FusionSeeker
XACT:LRCH2	XACT	ENSG00000241743.4	chrX:113938192	-	-	LRCH2	ENSG00000130224.15	chrX:115163782	-	-	1225590.0	5	d9bba150-2ac4-4489-8972-df9bd93cf656,1cb38f19-30e4-474a-ac12-c3136f3468b7,45c937ce-0a2d-4ab9-bc1c-275d47cf3663,4f5ab2eb-7577-4d54-843b-2713b0747346,7e961af0-f107-40e6-966e-00a05bf0e9ef	Consistent	FusionSeeker
XACT:LRCH2	XACT	ENSG00000241743.4	chrX:114059002	-	-	LRCH2	ENSG00000130224.15	chrX:115156668	-	-	1097666.0	4	eb8ee590-f6ed-4e79-96f6-e96d9cefe5b8,1b86c164-a9cd-4149-b36e-fc8ac4b9c264,308579ef-192c-4b89-8c7d-0be1d8aef368,d873ccbe-5d86-4c3a-86b2-8f2b1d8673c3	Consistent	FusionSeeker
RSKR:PHF12	RSKR	ENSG00000167524.17	chr17:28573108	-	-	PHF12	ENSG00000109118.14	chr17:28944754	-	-	371646.0	29	e6d3a777-4d57-4bd8-8cce-37226755c6ec,09cf0c4f-7d1a-479d-8ea1-c511f4758807,23e40ab0-611d-4a24-b33b-9672656d4d93,2bf5fa35-7985-411e-baee-61be243de959,2d04b78a-92c8-4d67-92a5-69fee992d1e2,34ab9136-c0e7-48f5-a1d8-c9b09274d248,40210469-ecbf-46b9-a9c9-3797bda1a9ea,41a240c4-e64c-417c-983b-2ace3c3411a2,41f3ad72-9b04-4a03-91ff-49aa7859d388,48c2c434-6b01-405f-b6ab-0ca32f53d100,4b5b7549-8312-4489-8faf-3bc2baca2e3f,4ba8d03a-89eb-44cd-af84-6387b923a025,5c293ea5-e79e-458e-a91b-ca2829261268,5df948a2-0355-4344-bb78-db8d631f7c0d,5e348cf9-ecc4-44ec-a9f1-2eb288748c87,624b9a1c-5541-4bcd-9a9e-d5728e44295d,65351f63-464d-47bf-89d1-607c8ab72b20,7bfdeb7b-51ff-4a58-a771-0af8cda39cd7,86882cc4-1840-45a3-a99a-3ed8c8781eb2,8c550d09-f3d3-474d-978f-6c3c2f66fd5e,9c078e87-0702-496d-a5ee-02f341db215c,9c078e87-0702-496d-a5ee-02f341db215c,a0f1b1cd-222b-4ff3-873d-2c86af8b3539,bc1fb260-6a65-4c35-945e-1c877de6e33b,c75dc0ae-c187-4c77-99fb-8069d41b0a2e,c9969961-56e2-45a1-bc08-d5b646a646c6,d344c105-c0c2-4603-af9e-33bff5e95842,dee2d650-c948-4dd0-aa22-421705532dc0,e2478e52-48eb-4775-a0bd-6c8bb8d64f4c,e4f25053-2e8c-46c1-8e89-fd54d6a7e927	Consistent	FusionSeeker
NBEAL1:RPL12	NBEAL1	ENSG00000144426.19	chr2:203190798	+	+	RPL12	ENSG00000197958.13	chr9:127451381	-	-	inf	6	b0cb61cd-e464-4e1c-a223-2f02225996fc,17f218b5-8caf-4a45-b344-8ce8e02397a2,6af093b4-ffe9-4f1d-9975-42e9b0206e0b,ad02ff0f-d5fb-405c-a862-0063bd1169d5,2d9e9fd3-b368-49d3-800b-3d4b6284bee1,55f3f2c5-f92b-411f-b7f3-24cdba2a63a6	Consistent	FusionSeeker
NBEAL1:RPL12	NBEAL1	ENSG00000144426.19	chr2:203191334	+	+	RPL12	ENSG00000197958.13	chr9:127447677	-	-	inf	4	f1678880-a1df-41d2-9b77-1146a42264f0,09d893e1-a547-4e07-a186-4caa67a171f2,1de1a9df-2905-4cd3-adbd-73ac0e097a50,c04eea5e-2ddd-4841-af91-3bb6ce47633c	Consistent	FusionSeeker
RPL10P16:RPL10P9	RPL10P16	ENSG00000178464.6	chr19:12643181	-	-	RPL10P9	ENSG00000233913.7	chr5:168617078	+	+	inf	17	ee44e322-5dad-43cc-8c25-f4d20667437c,0a3c52ce-086d-4871-a9c3-6760eed60b28,131bca60-0625-4db9-b595-fa9df86c9583,200e4cd0-2058-49b3-aecb-67162d26274a,24016436-23bc-4ea2-8257-487079fe6cea,4de72915-936d-46d0-8bb5-845dc21a16bf,538c91dd-a395-4746-9248-a181f6f2f080,5735d461-9ba1-4a7c-8c63-e71d93605f8a,76ae308a-49b5-429e-99fc-4ea07655e27e,9627bcaf-f2e5-4c8f-89a1-76c1dd8a99d8,9b1064be-020a-4644-acec-fed6ea162cc3,bf2a54ea-2646-4830-a637-6ca18b2e1691,dc85c099-bd3d-40b4-a673-e5fedd5238c4	Consistent	FusionSeeker
PCBD2:MT-ND4	PCBD2	ENSG00000132570.15	chr5:134927239	+	+	MT-ND4	ENSG00000198886.2	chrM:11484	+	+	inf	9	f8d0298b-ac3a-4ba0-9644-059f9a605e57,0af0d4dd-0157-4f42-9171-d7623cc07154,138c8ff1-0ea7-41c8-84b6-a8c62ae1773c,1415a280-ee9b-4ed7-8b7e-1b1ac3e1aedb,4d530657-eaf9-4cbc-96de-94098c61a298,a7b7982f-c4f5-4925-b6db-2788d2548a8c,c2112c31-a929-4d41-8e46-5695c2f7ab42,e297e6ed-e928-4c89-bc46-3e30f742d14d,e7ce966b-1441-4d51-85e2-9fc51b51464a	Consistent	FusionSeeker
ENSG00000293331:MT-ND1	ENSG00000293331	ENSG00000293331.1	chr1:629066	-	-	MT-ND1	ENSG00000198888.2	chrM:3893	+	+	inf	6	e96e4fe4-f7cc-406b-9458-f2fead128225,0b04807a-4fce-40b0-8ba4-523eab001f41,0bc98211-69c5-4ae9-a66d-e4e1cd2a6d0e,766633af-ea77-4fc3-a63a-593caef36fe1,a37e70e8-5d7a-460e-80cf-45bcee897144,c034c3cf-a460-4bc3-818f-1df390e356dd	Consistent	FusionSeeker
ENSG00000291207:PSPHP1	ENSG00000291207	ENSG00000291207.1	chr7:45768658	-	-	PSPHP1	ENSG00000226278.1	chr7:55773178	+	+	10004520.0	4	c5cdf0ff-965c-44fc-9321-bf50ecd80d61,0bfffa8a-3c6c-42c1-a253-bc8acf5885a4,834e84ba-65dd-4d0d-b454-cd9c0a9e23e0,c51ea9fe-a68a-4cb8-9cfc-7bf72ee8d198	Consistent	FusionSeeker
HSPA8:DENND5B	HSPA8	ENSG00000109971.14	chr11:123057495	-	-	DENND5B	ENSG00000170456.16	chr12:31427843	-	-	inf	4	e089b02a-9203-4189-8b50-c4410e1871df,0c861e92-a4fc-47e7-a64e-bcbc7277da85,2264af4d-e3f2-46e9-9ac6-bc998e0a400f,53ef9955-ef97-45f1-862c-f27d71e08b61	Consistent	FusionSeeker
EIF3I:ORC3	EIF3I	ENSG00000084623.12	chr1:32228570	+	+	ORC3	ENSG00000135336.16	chr6:87612886	+	+	inf	4	b7a7c9b4-f70e-42e5-a311-eceb069c87cd,0d076ea9-3caf-4ee2-bb3c-a7c70a9a784c,56ca75f1-8418-478b-a501-8df753bb28de,afb99a82-f4d3-4e2a-8c1e-426d4cd75e90	Consistent	FusionSeeker
RPL13AP5:MT-RNR1	RPL13AP5	ENSG00000236552.2	chr10:96750264	+	+	MT-RNR1	ENSG00000211459.2	chrM:1596	+	+	inf	6	7615d779-5eba-466e-871c-23e06a4deabb,0d5fbfea-3377-4438-a922-5d7278152a2e,6660ac7f-556d-459c-a72c-313bdda702c0,6660ac7f-556d-459c-a72c-313bdda702c0	Consistent	FusionSeeker
ENSG00000278996:MT-ATP8	ENSG00000278996	ENSG00000278996.1	chr21:8218570	+	+	MT-ATP8	ENSG00000228253.1	chrM:8482	+	+	inf	7	ea38b11e-1ff0-4d53-8962-fdb6f5ef3d30,6e2428e4-a9df-44a9-9188-92291dc22fe4,31dd1967-94d4-4e83-a339-8c40dab31cb1,8169fa9e-7631-4037-a1b6-890a7ad3a9db	Consistent	FusionSeeker
ENSG00000278996:MT-ATP8	ENSG00000278996	ENSG00000278996.1	chr21:8214101	+	+	MT-ATP8	ENSG00000228253.1	chrM:8478	+	+	inf	6	dc65e1b2-1fad-45d1-b8c9-47e644acddb8,215924b1-cc99-4a3b-a915-e36c75b8a91b,2c4a5cc4-65c7-40ae-b960-b5ce302f7389	Consistent	FusionSeeker
SRP14:RPLP0P9	SRP14	ENSG00000140319.11	chr15:40036411	-	-	RPLP0P9	ENSG00000229119.3	chr5:166382520	+	+	inf	4	ffa76436-08da-4c24-91ac-1ce65bfec2b2,0ecc2b5f-a62f-44da-9feb-c6db4da0871a,9b5c39ed-ef0b-4048-ac75-50eee456b2a8,fc70f98b-3d44-4888-bf57-a56b6ec2d5d8	Consistent	FusionSeeker
RPLP2:RPL19	RPLP2	ENSG00000177600.9	chr11:812836	+	+	RPL19	ENSG00000108298.12	chr17:39204577	+	+	inf	4	ec988160-b849-43d9-9eee-37d12763187a,0f9e0129-5d62-4bd0-ab5f-94630d696e44,129768df-6f9f-4fba-b278-cc0e0988536c,46aaf61d-9e7f-4295-9295-a26d900ffd35	Consistent	FusionSeeker
ENSG00000285629:RPL22	ENSG00000285629	ENSG00000285629.1	chr1:6186616	-	-	RPL22	ENSG00000116251.11	chr1:6186630	-	-	14.0	4	c2ab7c68-a04f-4ed9-8cd4-f63758079b7a,1b4b4d7a-2766-4d80-b7fc-d76638ac9093,4c717a50-cf7a-4729-b71c-b339ad574fc8,bf8a8426-c6b8-4dd9-b070-e7ca8d15f7a1	Consistent	FusionSeeker
TXNRD1:RPLP1	TXNRD1	ENSG00000198431.18	chr12:104265904	+	+	RPLP1	ENSG00000137818.12	chr15:69452837	+	+	inf	4	8d2332f9-5011-4c43-bf85-8a64a3c4c520,0fea36f9-8002-4a2b-9623-f842fa37c748,6682c92c-a951-4657-9869-8e74332dcfe5,8a0b1fbc-204e-4a16-8370-fb2f31c57267	Consistent	FusionSeeker
RPLP1:ENSG00000218175	RPLP1	ENSG00000137818.12	chr15:69455233	+	+	ENSG00000218175	ENSG00000218175.2	chr2:176201001	-	-	inf	4	d6dbb2c3-8d40-4eec-ae68-fd1d939bc734,101fa6f1-3837-4850-af7f-f15be5cd23a5,7d717df0-35e9-443a-8413-b70979f4b393,ba7fa183-76d1-4c20-86fc-bf21d0b987a9	Consistent	FusionSeeker
SNHG30:MRPS27	SNHG30	ENSG00000267321.4	chr17:35568443	+	+	MRPS27	ENSG00000113048.19	chr5:72220278	-	-	inf	4	753643b1-1fcc-4060-a72e-0ef548b190f0,1098f6fb-db1c-4aee-a2ea-b34526fe37fb,36416dad-4fc9-4a3e-93d1-51a3bb9a3727,41ab66bc-b67b-40f7-8671-911f89aba0f6	Consistent	FusionSeeker
RPS14:MT-RNR2	RPS14	ENSG00000164587.13	chr5:150444237	-	-	MT-RNR2	ENSG00000210082.2	chrM:2134	+	+	inf	8	cef4829f-55fe-4cbf-b919-3f73ca2f9e9d,23738814-6e98-4ab3-bc0f-5d93a73fa7d3,5db513dd-6cb3-4cbc-a5ea-0dbb6040991c,b6964f72-4303-4652-bbd4-fca736c5a095	Consistent	FusionSeeker
PCNP:RPS18	PCNP	ENSG00000081154.12	chr3:101576401	+	+	RPS18	ENSG00000231500.7	chr6:33276497	+	+	inf	22	f43b8f5b-a5a8-4e74-87b8-b0f07bcc93e2,22cf3aee-6779-4c59-ba20-2d79573a96df,2e9f582b-aa8b-458c-95b0-be1ed23ee69b,30fe4355-f547-4763-9607-7935b6ba5025,3a2b83fa-5a51-4fc6-b33d-b561a9471a88,40b976bb-45c9-4502-b335-60f1ea598bfb,50857a90-ff39-42c3-8176-968f2363dc56,5dabc040-a67f-4be2-aa20-f53f08087499,818ce7c1-c59b-4f9d-94ae-b66352727b7e,8227e97d-81f8-49da-8395-d5de64106677,858c9953-dd00-46c9-8bf1-96911319b2c8,8bfc7c5c-a5b2-4272-9598-10cef1bde39c,8f6378aa-695e-4673-abde-72314dc1ac2f,97437416-041c-4025-87d4-3f2af4984bc9,9866d92a-d375-41c6-89ff-4bd250474af6,a1333890-a084-49f9-8cd3-71fe4544f976,a4319eb7-c429-4dc9-a86d-72a91f7faf34,bb472396-b5b5-4409-950f-1e048d4451c1,cbcd05da-7a54-4302-944d-2def38734044,ceea1f90-79f6-438c-b9d0-64cf4fc03487,cf5b9fb2-20bf-4277-a1fd-478b753f8cae,f0d244d8-f2af-40b2-b339-f868348d0d6f	Consistent	FusionSeeker
RPS25:ARL14EPL	RPS25	ENSG00000118181.11	chr11:119015711	-	-	ARL14EPL	ENSG00000268223.7	chr5:116051841	+	+	inf	5	72c0f59a-5310-4c9e-83ca-8089f7e24e61,11c5cdb2-755e-4a03-9b67-49936e967206,31646ce9-6865-4d2d-b967-69027b2009cd,461f4644-8e28-428e-a581-5910fd7ea14b,5154cee5-d397-42e3-9100-0febf15c352d	Consistent	FusionSeeker
RPS5:MT-RNR2	RPS5	ENSG00000083845.9	chr19:58394803	+	+	MT-RNR2	ENSG00000210082.2	chrM:3229	+	+	inf	4	c16da1f0-c76e-4e5b-bc37-ffea0de55bfd,129e636a-786d-46e8-8323-83fe47a1a712,7fb3e5f8-322b-4157-9241-29e45082a019,8e2327b6-8b40-4958-a3a5-950a02faa0f9	Consistent	FusionSeeker
ENSG00000280441:MT-ND1	ENSG00000280441	ENSG00000280441.3	chr21:8397132	+	+	MT-ND1	ENSG00000198888.2	chrM:3576	+	+	inf	7	7064dd57-0684-4c33-bb4f-067fb13e4d22,12a63300-bcba-4283-8f3e-169641b45144,306265ea-8457-45e1-ac32-d7df45b2fd37,45b420b9-b7fa-4e87-8d20-cf508045b303	Consistent	FusionSeeker
RPS3:MT-RNR2	RPS3	ENSG00000149273.15	chr11:75405688	+	+	MT-RNR2	ENSG00000210082.2	chrM:3228	+	+	inf	11	d5d35ec8-9cac-4174-bb0d-c5d4fa8bfe71,8b86cae9-7e2d-4b5c-9062-7193a8e0194f,16e1fcd8-1577-4bef-bde1-a4538bf54be7,cd7313fc-849b-4d14-8935-b2df8a1bd381	Consistent	FusionSeeker
RPS3:MT-RNR2	RPS3	ENSG00000149273.15	chr11:75399517	+	+	MT-RNR2	ENSG00000210082.2	chrM:1682	+	+	inf	4	5672f8b1-7f52-4cc8-b35b-d04a57c88743,3e7fb055-1dce-4df3-8708-7b3e52c07a9d,437e5960-0fbb-4635-9c87-dabff52d1965,460c808d-8776-4678-a1db-83580e13e8d6	Consistent	FusionSeeker
VDAC3:TXN	VDAC3	ENSG00000078668.14	chr8:42405762	+	+	TXN	ENSG00000136810.13	chr9:110244178	-	-	inf	4	febf49ff-ad2d-4f21-a787-e28109518a16,13bf47e8-60b0-4cda-87d0-02206121fc2d,1746adc3-7662-409f-9e01-0be8fb410b8c,5513ce4e-a723-466d-b189-97d759240226	Consistent	FusionSeeker
UBA6-DT:SLC17A5	UBA6-DT	ENSG00000248049.8	chr4:67701461	+	+	SLC17A5	ENSG00000119899.13	chr6:73594073	-	-	inf	4	eb24740e-d028-446e-8ee2-47b3c54626ca,13df9284-9eed-4f04-acc7-bff6b8b14a41,c727697b-f1d1-4c1f-8c03-32f5499de695,e9f2fb52-a04b-4769-91e9-ccdb7b78ccf6	Consistent	FusionSeeker
ENSG00000293331:MT-ND2	ENSG00000293331	ENSG00000293331.1	chr1:629732	-	-	MT-ND2	ENSG00000198763.3	chrM:4513	+	+	inf	4	fa3330ab-789a-405d-878e-f5925523cb45,98a1e4f2-8736-45bb-afce-741a3adafb42,be16a33c-c6e7-4fda-b456-d959b4b0ac14,dc4bc5f1-24d4-4e96-ae66-ccda223a2f1b	Consistent	FusionSeeker
RPS6:MT-RNR2	RPS6	ENSG00000137154.13	chr9:19376262	-	-	MT-RNR2	ENSG00000210082.2	chrM:3234	+	+	inf	4	f2bcf24e-ab80-4a6a-b796-f2ac7989bcdc,a8ae4fac-8b29-4efe-802b-64fc436906ed,e0f28d24-99b6-409e-b4df-263f4cb893eb,e1630b24-6dff-4bdb-8864-19c8c67a1321	Consistent	FusionSeeker
RPS8:ENSG00000293016	RPS8	ENSG00000142937.12	chr1:44778084	+	+	ENSG00000293016	ENSG00000293016.1	chr16:61055606	-	-	inf	4	f8672cde-3a85-4ab3-8dc1-73b454a618af,148e7bce-5289-40d1-a0f1-46c27cc7781b,354fd9fe-48c2-45e2-b138-8c081c6a290a,c4491c3e-bf7d-4706-b45a-dfed52302f99	Consistent	FusionSeeker
ENSG00000278996:MT-ND1	ENSG00000278996	ENSG00000278996.1	chr21:8214207	+	+	MT-ND1	ENSG00000198888.2	chrM:3451	+	+	inf	11	dcb35602-2a6d-4de7-8062-b07cc55f7270,1b094519-8967-423f-a893-c4a3cc04a9c3,69c54330-ac41-4314-87ea-56439cab90b3,7338064c-bc4f-4b18-852d-182ee18aff25	Consistent	FusionSeeker
ENSG00000293016:RPS27A	ENSG00000293016	ENSG00000293016.1	chr16:61055399	-	-	RPS27A	ENSG00000143947.15	chr2:55235606	+	+	inf	8	d112ffe1-6787-481f-9dbf-1835620ee1e8,156d310f-e410-4257-8cc6-be67056437ed,2fe9389e-10fd-4a53-843c-74292ac88a9b,56e781d1-2269-4995-ad36-ba49c0252bb9,5866cebc-7f85-463e-aab1-1bb5da17036f,64ab9da7-5855-4eb0-be82-fce4fed87693,a9b13875-6200-4037-9336-b0b7669d60e0,b22f7f79-c103-416c-af49-b14a9ae9626e	Consistent	FusionSeeker
RPS6:MT-CO2	RPS6	ENSG00000137154.13	chr9:19376489	-	-	MT-CO2	ENSG00000198712.1	chrM:7585	+	+	inf	4	aaacb1fd-c21a-4d6f-9774-1c968a4c563f,159f6d06-cb35-47b8-bf33-de48d0a21a41,7757d2c1-9716-40ed-a882-37d222c51e44,7759828c-c2fa-4153-8c34-81e555c897fd	Consistent	FusionSeeker
RPL13:RPL13P12	RPL13	ENSG00000167526.14	chr16:89563066	+	+	RPL13P12	ENSG00000215030.5	chr17:17383327	-	-	inf	10	ff692250-d863-455f-970f-ba6e2686fad2,57bb3fb0-b68a-445f-9f6a-46d35fbf7793,5b01b2ca-c04e-435b-840b-6dfc29e5cd25,6a7c1cc9-4108-4127-aceb-4429caae6abd,78c7188a-69fb-4f94-94a5-c4089cdf670c,888987b2-10b3-4e15-8467-b40e77b074ad,8e44fb2d-73c5-402c-a5e0-f89fb0ae488f,9ab50259-a0b2-4baa-bb0a-edc41e1ca225,e5c41212-3007-49f7-ba5f-1d6da6188b93,f875883e-7a6e-43dd-824f-46a250d47a0b	Consistent	FusionSeeker
HBG1:ENSG00000284931	HBG1	ENSG00000213934.9	chr11:5249800	-	-	ENSG00000284931	ENSG00000284931.1	chr11:5254745	-	-	4945.0	18	d49b87f9-13e9-4a7d-ae60-faf5136a6c4a,3b40b7a8-7efd-4e90-a1a6-0b9eee890789,40b52ce4-9a8a-4530-aead-4b114113c90d,69c03d02-04f9-4bc5-8563-66976aa98b0a,78b3ac7a-b2ee-47e6-832d-7e991aad607f,9ce6494e-bcbe-4b84-bff9-dfc00016ddfe,33b305ac-486a-4cc3-8027-f2e300db960d,3f8c77a6-f829-4a1f-81a9-df5b170758cb,56a65f3a-055a-403d-b465-401de5463340,762f2984-39b0-47e8-827a-3e482b8c5033,1e911a30-497a-4bc9-9da3-d3ef2c6b151d,40667d6a-78ce-4fdf-b82d-95ee02b60fd7,872e42f4-29d2-496d-ab30-cc1a0ea07e88,3ad42d34-d2a8-4132-928f-982b2a5a17fa	Consistent	FusionSeeker
HBG1:ENSG00000284931	HBG1	ENSG00000213934.9	chr11:5248275	-	-	ENSG00000284931	ENSG00000284931.1	chr11:5248272	-	-	3.0	8	d6e32358-5356-4e8b-9265-8f11555beb94,2a8742d5-4d0d-42e9-a97f-0f8a80f8c669,354b5868-d0dc-42a5-8010-850a340b304e,5c74c5d9-e030-4c24-8d91-e5ff8d484834,5f8fad5e-c886-4e88-8e84-63058d9421ec,8f2d8210-a51a-4c0e-80fc-3e8d9e7e2b48,a5c391ce-e2ac-4b61-a7b9-7749339c37d5,bcbe2bd6-6c0a-4bf4-ad24-4927c2ee94fb	Consistent	FusionSeeker
RIPOR2:PPIA	RIPOR2	ENSG00000111913.20	chr6:24976916	-	-	PPIA	ENSG00000196262.15	chr7:44799815	+	+	inf	6	cd00c919-8482-40f4-b556-5e8177a76081,7fa500e0-6acc-49cc-aab6-b9692bc46a95,a72031e9-3817-4b01-b0ae-f81cb0bbc8d7	Consistent	FusionSeeker
ENSG00000254180:LINC00534	ENSG00000254180	ENSG00000254180.2	chr8:90454522	-	-	LINC00534	ENSG00000253394.7	chr8:90687358	+	+	232836.0	9	fa4324c8-9bc0-4a90-96d1-6733f2944933,54ed858e-0760-417a-b6b7-657b5bff8e4d,8f3cd7b2-c169-4997-88db-a864e13f7115,cad37195-4c37-4e2c-9403-46fcd4e92405,d89a5066-7a64-481b-bfb0-10bf4f0a5847	Consistent	FusionSeeker
ENSG00000254180:LINC00534	ENSG00000254180	ENSG00000254180.2	chr8:90246270	-	-	LINC00534	ENSG00000253394.7	chr8:90454406	+	+	208136.0	4	fe0f7547-2c09-407c-936f-e914d5d14755,17160bf2-9607-49b7-b33a-c24dc5cc11de,3189eaf1-7b29-4fc8-81cd-aa15a8db0f7d,8bd5bdc4-d722-4b6a-86ba-2a6833b7ba3e	Consistent	FusionSeeker
KCTD2:GATA2	KCTD2	ENSG00000180901.11	chr17:75038955	+	+	GATA2	ENSG00000179348.13	chr3:128479921	-	-	inf	4	8f53400a-43c2-406a-b814-0c6258463263,171e4ad8-b4f3-4a1a-9f6d-b94951e22650,3b7a1e59-dc44-411b-b69f-1360278a0cc3,5dec3aee-3212-4c1d-b7ec-408bab58d9a4	Consistent	FusionSeeker
LIN7C:ENSG00000288000	LIN7C	ENSG00000148943.12	chr11:27495230	-	-	ENSG00000288000	ENSG00000288000.1	chr20:43518757	+	+	inf	4	fc1e04db-903b-46cc-b558-76743f526e4d,17224790-fbaf-45e3-a6f0-33f8895fab37,3ba701ac-d47e-4af2-be57-d0ec8d6d81ad,e0d56c07-ea3b-416d-af8e-93ed2de76032	Consistent	FusionSeeker
PIGK:WDR47	PIGK	ENSG00000142892.15	chr1:77129727	-	-	WDR47	ENSG00000085433.17	chr1:108992876	-	-	31863149.0	4	f959bd21-7f96-4f2b-9d7e-741dfb51f45d,17662497-f357-402b-936b-a493c7b6ee7c,b709e053-3e25-4459-affd-7924b6719194,d04ade7e-6318-47e6-b95d-b974ca75ee17	Consistent	FusionSeeker
FTL:FTLP3	FTL	ENSG00000087086.15	chr19:48965810	+	+	FTLP3	ENSG00000226608.3	chr20:4024078	+	+	inf	13	d040fe9f-018d-40c5-89ba-4134ca90320d,38972190-9b80-4052-9328-eba7ab6c5a45,844d66c3-0900-4e2c-ac66-59207b3e210a,8f3dc478-0cec-48f1-b884-a6fc3284bb3e,97007d53-026a-4351-80b8-9d8e00ee5c18,b7daa088-1ebb-4d2a-8a63-e78276d30e39,3166c5b3-c3fa-4177-a9bd-50e07d23d935,a6654c92-b54c-423d-96d9-1dca041a81ff	Consistent	FusionSeeker
AMBRA1:RPS10-NUDT3	AMBRA1	ENSG00000110497.15	chr11:46428599	-	-	RPS10-NUDT3	ENSG00000270800.4	chr6:34417462	-	-	inf	8	e19ad727-09ad-407d-a998-350849c45bf5,765dd0ac-8583-4246-9e9b-a9a331e5354a,c70fb7c0-d705-4b79-a9c0-f49793ecb783,18290464-ac92-4948-b429-b5122d814131,1e735446-2c11-4a12-93d9-13b3c5274436,36eb3b41-400c-43db-b751-9917c2b194c9,a62aea5c-4788-43b7-b9d1-9ed9d97e614d,b77459c3-04e6-4e38-b60f-9bf313fddda3	Consistent	FusionSeeker
MALAT1:MT-ATP8	MALAT1	ENSG00000251562.11	chr11:65500090	+	+	MT-ATP8	ENSG00000228253.1	chrM:8472	+	+	inf	8	d3d75b93-067d-45ec-b22c-9c92310c0fd4,2c97e384-8c86-41ac-89d6-98afd90d4f7a,336f6eec-b59d-4eeb-9a0f-4c6d2ebb552b,63ac5f5e-c04b-4b0d-85c9-a99b2bb5c2b9,452e2efb-8b17-448c-aaff-dac8ce0cc894	Consistent	FusionSeeker
PARK7:MT-CO2	PARK7	ENSG00000116288.13	chr1:7985011	+	+	MT-CO2	ENSG00000198712.1	chrM:8293	+	+	inf	4	f6c5d43c-4d93-4491-901c-bf6830ad331d,19be2f52-3be5-4304-96e8-d144769dced0,24f306dc-501f-423e-af3d-fe221c0a9064,f574b808-897f-4818-b290-cad35baf7614	Consistent	FusionSeeker
ACTG1:SNHG8	ACTG1	ENSG00000184009.13	chr17:81509970	-	-	SNHG8	ENSG00000269893.10	chr4:118279695	+	+	inf	4	de54037d-236e-4757-afde-a8a2b4211477,19ceb396-7895-46c0-acb6-1fb0ac1ac73e,8d1f2c84-412c-4caf-8e03-db8876b9e400,9f7c0e88-0b1e-423b-b699-a610d7d59872	Consistent	FusionSeeker
RPL14:TBP	RPL14	ENSG00000188846.14	chr3:40462050	+	+	TBP	ENSG00000112592.15	chr6:170561957	+	+	inf	9	d08de8ec-2661-4207-8345-d282fcd68b13,1a8ebdff-f56d-4ed4-b5cd-4a0c2c3ae020,25cb6093-5be7-430c-8c71-b8322149d1c0,58d79419-e4cc-4a9c-8aae-96f306eb05a1,58e53f52-b541-4e5f-be6a-cc416bac74b8,5b76c44e-9d3c-4a32-a906-ecd8947cec85,622de73c-e5d5-4412-8959-d62f28140490,b097f529-076e-41f4-b7f2-4e0152dd08d9,c02222d8-714f-4198-86c7-0f90685b9d94	Consistent	FusionSeeker
MALAT1:AP2S1	MALAT1	ENSG00000251562.11	chr11:65500724	+	+	AP2S1	ENSG00000042753.12	chr19:46838367	-	-	inf	4	baad0435-ae78-4a67-a97c-ac7ce8007982,1b711182-fe6e-42e7-b208-c5eff0b94cfd,46f5eff0-632c-41a2-80a4-4ce0944edead,b714396e-952b-448e-9f10-f63e5f442e06	Consistent	FusionSeeker
CFAP418-AS1:ENSG00000248762	CFAP418-AS1	ENSG00000253773.6	chr8:95757221	+	+	ENSG00000248762	ENSG00000248762.2	chr8:95992992	-	-	235771.0	4	7028683d-a5c2-4442-ac48-c8e88f28da5f,1b86a21a-a7f1-424f-a0b3-acb38bb6a910,337b700e-36c0-468b-8507-f5f170b386ab,51389d8f-2450-456d-a556-f408fdc33e3e	Consistent	FusionSeeker
FTH1:FBL	FTH1	ENSG00000167996.16	chr11:61967465	-	-	FBL	ENSG00000105202.9	chr19:39840645	-	-	inf	7	bd08bd85-118f-4103-88d0-732375e48e33,1d32c45f-1e03-4f82-adb6-f562af42e426,1ee7b875-d65c-4ab9-a2a3-e0c0daa78d82,41812e1e-53f1-40ec-abb2-14d398275605,70d4dfc8-a52d-491f-a557-75dd933caa86,7fb4afbe-b5db-4ecd-98ff-109982e14585,63e2d529-843b-4cc9-a18c-159ed00ce73f	Consistent	FusionSeeker
MRPL33:BABAM2	MRPL33	ENSG00000243147.8	chr2:27894633	+	+	BABAM2	ENSG00000158019.21	chr2:28298433	+	+	403800.0	6	e423b1de-39fa-4472-b304-263c3634cb7e,1d79a19f-7176-4a1d-958a-a50366215fed,41e2e9e8-7df4-454c-a26d-d02392f2a691,4789ac05-b6b2-4168-a4ec-017cd1c62dc6,57302313-d8e7-4290-b4e2-f1cc20634ec7,a094d151-3f9c-4575-bcd7-e609e61993bc	Consistent	FusionSeeker
RPS11:ENSG00000293293	RPS11	ENSG00000142534.7	chr19:49499688	+	+	ENSG00000293293	ENSG00000293293.1	chr8:30353298	+	+	inf	4	97d1fd6a-be69-473f-8a2d-e4294d1801ad,1dd57f46-4e68-4bce-a4d3-1224b03e93e2,4e9c2efb-2989-4709-8110-14e82c8a85a5,60c8a8a6-b17a-4ec8-9ff0-e21340c386e7	Consistent	FusionSeeker
BCL2L2-PABPN1:ZNF28	BCL2L2-PABPN1	ENSG00000258643.6	chr14:23323038	+	+	ZNF28	ENSG00000198538.11	chr19:52810346	-	-	inf	6	ff183de4-07fc-498c-9fa0-82a02858dc5c,51dce556-5e53-4c42-a1f7-bbfb1d82f512,530f6867-bae4-4d66-af9a-ee742c39715f,566f3cb4-7446-4191-9453-f9a5634b7895,62534d94-67d9-455f-a79f-c727f5e86085,637e0c17-7c8c-4ac4-a286-ac0ac018ea2a	Consistent	FusionSeeker
KCNC1:SERGEF	KCNC1	ENSG00000129159.9	chr11:17788413	+	+	SERGEF	ENSG00000129158.11	chr11:17988594	-	-	200181.0	8	f2881301-3085-4777-abba-a12fd2b6781a,57763e35-6182-4f27-8d21-f5959cce42a0,5f5a2a83-e3fd-417f-9786-878282a3b42a,902dc3f8-5a9a-4ce9-bb8b-c5deeabf59b5,a496454b-7d4c-42de-a2f2-ca1432098507,af6748cb-ee3c-4b3c-8d30-deffb634ce1b,b4aac12f-25da-4795-b669-4eb3bd799335,ed1bb0f9-c848-4fa6-94c2-ceb44f7d3462	Consistent	FusionSeeker
RPL23A:LINC02067	RPL23A	ENSG00000198242.14	chr17:28723928	+	+	LINC02067	ENSG00000240567.1	chr3:161429072	+	+	inf	6	f0b0199d-7868-465d-b2e1-e625121192b9,3e04f87b-f36b-4fd6-b8a4-96a81695f013,5a8f9b53-c975-4601-8437-3519cb9de9b2,889f29ce-3995-40f6-ab4c-8ed079ff6bbc,af6859ce-0997-4043-a0b8-364072402fe2,c1d87aca-5938-49e3-8395-d4b9a7a0fa26	Consistent	FusionSeeker
TMEM127:MT-ND4	TMEM127	ENSG00000135956.10	chr2:96252208	-	-	MT-ND4	ENSG00000198886.2	chrM:10985	+	+	inf	5	eaed69a5-88d8-4770-ae98-141e1307f3c6,20dc7c63-65f2-43d4-b3d2-98bd1bdb8181,864843cc-1301-46e3-ada8-b8be01ae1e83,b0b7e208-e17e-4261-bf91-3df16026d864,e3db0680-6290-43cf-8c56-95077cd33b08	Consistent	FusionSeeker
ENSG00000289809:NUDCD3	ENSG00000289809	ENSG00000289809.2	chr3:12836047	+	+	NUDCD3	ENSG00000015676.18	chr7:44468374	-	-	inf	9	b68220ee-e0f8-4b0d-97af-79a2d8ca1656,226462dd-4164-4395-bea2-7979663b0110,268b7a84-29e8-47fb-9982-95a154327e93,47e84f4e-fadf-4b95-b33b-f2aaf5c1b336,6bbfa806-a307-4271-a143-e234280fbff9,6bec42f8-1d6f-4e84-af1d-8b751056e06e,84d4ff5e-63a8-47d0-8f63-35ce51e44dab,8f9c4aa1-0602-42f8-a0f0-b0827872bdf2,b3623f7d-92d1-4ca0-b093-c1b08ea78063	Consistent	FusionSeeker
SBNO1:TFRC	SBNO1	ENSG00000139697.14	chr12:123289422	-	-	TFRC	ENSG00000072274.14	chr3:196075210	-	-	inf	4	dffe7771-6ea7-4384-b778-fa41014ff557,230b115b-a161-455a-9476-3c296939eb72,6fa7cb8c-0ce0-43b4-8631-0882d1dcf93c,c38870fd-4786-4701-9f56-170738551bdd	Consistent	FusionSeeker
COASY:EIF4G1	COASY	ENSG00000068120.15	chr17:42565903	+	+	EIF4G1	ENSG00000114867.22	chr3:184315532	+	+	inf	4	7c0da303-5b0e-4073-9c47-e7188965b5f9,233fda5c-19f6-404d-876f-5eab5e004e46,3931bfcd-39e5-499a-94a4-0809f77ac4f0,43b45d85-df92-4aa2-84f1-0625594a9133	Consistent	FusionSeeker
MT-TL1:MT-ND1	MT-TL1	ENSG00000209082.1	chrM:3246	+	+	MT-ND1	ENSG00000198888.2	chrM:3370	+	+	124.0	13	eb3908c2-bd30-4df5-b51d-033263d4e004,2365f619-3835-472c-a689-ee63821d09bb,271cc73d-f0f4-428d-8ebe-0b3e12a71c8b,2978a8ae-64e1-4ad3-b06c-58740c33ba28,416550de-954c-42d6-b5be-56327f137c76,4d5dc688-5884-443b-acab-983ec94f734a,5fe57639-2002-430a-9fe5-b8736772929a,7d4e4b53-6b37-40cb-953f-d1163a9efa95,8679329a-67f3-4cc7-8aca-9097ddd0827c,8e41f955-bd59-42fe-8efd-d1a3fa2ce36c,95f97e44-6d91-4a32-9c97-f26847a16604,bac84775-5f70-4675-9014-2e8b53b718c3,e7ddd9af-f2ae-4617-bac9-37d2d3fa2dd5	Consistent	FusionSeeker
BCL2L2-PABPN1:TAF1	BCL2L2-PABPN1	ENSG00000258643.6	chr14:23323035	+	+	TAF1	ENSG00000147133.18	chrX:71420453	+	+	inf	14	cce41abe-5413-4f05-b555-d44e9e9a802d,2cb9877c-b556-457e-86dc-6b222367ab02,39578046-63f8-47a2-bee8-9e9b02e48a04,76851ef1-420a-4432-84ed-acf69ed83d35,768badde-b4fe-4695-8ae7-1eb50912a589,9a1b04b9-f136-4289-92fd-e76f27eec4ad,9f57e3c6-fb65-4654-9670-9b2438c955f8	Consistent	FusionSeeker
XKR3:NUP214	XKR3	ENSG00000172967.8	chr22:16808085	-	-	NUP214	ENSG00000126883.19	chr9:131199011	+	+	inf	9	e0fe3f68-48e2-4487-be8a-85832a8c792e,24016df2-c090-4de4-8fff-80c7d29648c9,2623f1f5-7c79-4b6e-a1ac-95e5b1444915,36783229-1f19-4fcb-bc94-e3a82ec23eda,ac90f246-71da-4ba2-bc2c-422195568d37,b335106a-9818-4bc6-8f40-5dd8c44b48cb,bbf7d369-64e9-4d93-a977-3ef8ffb87f57,c6447b57-629e-4020-910e-e3b721c9309f,dc962821-c04e-4994-8b56-3a2fca1c1c35	Consistent	FusionSeeker
RPL13AP5:RPL13A	RPL13AP5	ENSG00000236552.2	chr10:96750964	+	+	RPL13A	ENSG00000142541.18	chr19:49491840	+	+	inf	8	cf08760b-afec-4b8a-9f0b-3f0dfbdedd8e,244d6262-0d9d-41c0-a604-109704f88451,481e8672-f937-4a17-ba55-44277529cf9f,71e0b67a-031f-43e4-aed7-e98e43e8e555,72787541-d83a-4666-8950-3382d334e79f,84f297f4-c9ea-4212-b640-624e32092603,c634db11-9395-456d-b535-4b1980d3649d,c9b5f938-c6aa-4020-ae2f-855850c53b14	Consistent	FusionSeeker
RPS15A:KIZ	RPS15A	ENSG00000134419.15	chr16:18782970	-	-	KIZ	ENSG00000088970.16	chr20:21166142	+	+	inf	4	a561bbec-9212-4c33-9603-1d1f3db3a189,24df1861-f581-441e-85e5-a324b5f820e1,798ca83d-51c0-4e75-bbdb-46a511942260,7a9b7966-aeca-4138-b740-2fc0843715b8	Consistent	FusionSeeker
NVL:DANCR	NVL	ENSG00000143748.18	chr1:224250319	-	-	DANCR	ENSG00000226950.8	chr4:52712962	+	+	inf	4	a09026ca-c66d-4397-9332-6e41241f4286,3adf9065-e56e-4bc2-a653-99da45851ea8,50dad396-53e7-4ae1-8f69-80d6a32c78cf,7eb672b8-e4de-450b-aecd-9f1d3e3f7697	Consistent	FusionSeeker
HSPA14:C3orf49	HSPA14	ENSG00000187522.16	chr10:14854164	+	+	C3orf49	ENSG00000163632.15	chr3:63838046	+	+	inf	4	e03ab3fa-649b-4e51-8129-c127cf10e1ff,25c19cf4-c7e9-49ec-970b-c07d8642c769,60b341d4-ccd8-40b3-bbaf-676c4ef22574,dad4700f-900e-4a35-ad64-1fe851611bff	Consistent	FusionSeeker
NKIRAS1:RPL15P3	NKIRAS1	ENSG00000197885.11	chr3:23919551	-	-	RPL15P3	ENSG00000212802.4	chr6:12514790	+	+	inf	5	d7706d6d-365a-409d-8388-9c396aff0b8b,25dd0214-5d02-4632-8789-d8c50313439e,52e4edf7-954c-4f10-9f14-e7d5762c665f,9df0e7a3-57d1-439e-b4d4-718acab9eb6b,bc0701e9-67b7-4bda-8a32-1aa34fcf8807	Consistent	FusionSeeker
SNHG16:EXD3	SNHG16	ENSG00000163597.17	chr17:76563943	+	+	EXD3	ENSG00000187609.16	chr9:137392032	-	-	inf	4	e829f140-ae47-460a-8dea-39b00ce71007,262f000c-e385-4d82-a9cd-9775b238cacd,5313cf64-dfdb-4d2c-a3fe-2b0ecb1e09b1,abbbfb9a-99cd-4a82-aa96-5ca6b0c3e98f	Consistent	FusionSeeker
TTC21B:ECPAS	TTC21B	ENSG00000123607.16	chr2:165945597	-	-	ECPAS	ENSG00000136813.15	chr9:111366625	-	-	inf	5	c4f522c0-a724-4fa8-9316-f59e305b0dc0,26b125ee-84f2-4f4b-8283-bfcf48b96848,ac2b1c2e-fc49-4713-a5e0-85aeed73af9e,af13157b-55e3-42ea-8bc4-b1818e4607c9,bdd5417a-e123-489d-9dcd-613a3d434a10	Consistent	FusionSeeker
RPLP1:RPL31	RPLP1	ENSG00000137818.12	chr15:69452821	+	+	RPL31	ENSG00000071082.11	chr2:101006417	+	+	inf	4	eb198d4b-bb30-43a0-8dd6-dbafc62cf9a3,26d2bcc8-86f8-42af-9c74-62f4a7b9cee5,43fac2da-e1e0-462b-81dd-06f8d0ca8beb,575d6275-a3eb-469b-88ff-3d535727034c	Consistent	FusionSeeker
ALYREF:SLC25A5	ALYREF	ENSG00000183684.8	chr17:81888030	-	-	SLC25A5	ENSG00000005022.6	chrX:119470001	+	+	inf	4	c2751f6b-9c8f-483a-9e3a-e2b40bea6cf6,29dcf8da-442b-4fe2-b2c5-93f418fdd8b9,58e57da6-9131-4773-9e4b-fe06b76475a0,ac5d4554-2b52-4d43-83c6-4e9f90324c68	Consistent	FusionSeeker
RPS3AP6:RPS3A	RPS3AP6	ENSG00000234797.5	chr15:59768330	+	+	RPS3A	ENSG00000145425.10	chr4:151099626	+	+	inf	8	d7e816a8-0055-4076-9a3a-1701ac4e7d52,29dee0f2-5145-4b98-94c0-fa341ade5581,540f94ca-37d5-49ce-958a-5cf25513558f,55ceef2d-6c3e-46c6-87bf-1fe6ac950269,8ecb1412-1b34-4455-88a6-2a0f0481f7aa,9a56d1f3-656d-4e9a-8a9a-6e6ac033f7f6,aaf39af0-ef63-4e73-8059-ddb1f424b191,b80345fb-6b90-418d-9c15-f9490c04e74c	Consistent	FusionSeeker
ANKRD36C:ENSG00000290523	ANKRD36C	ENSG00000174501.15	chr2:95849930	-	-	ENSG00000290523	ENSG00000290523.1	chr21:10473257	+	+	inf	5	c170ba9f-881e-4022-b8e5-982368031650,93bda52b-b9a4-4e39-becb-62721f556dbc,afaa649c-ca0f-4b97-94f9-7d728aa85fcf,b084f199-c46f-496f-9b25-87ca12694f93,bc8ef82b-3681-4c1c-a79d-cd72f546f93b	Consistent	FusionSeeker
TEX14:U2AF2	TEX14	ENSG00000121101.16	chr17:58631342	-	-	U2AF2	ENSG00000063244.14	chr19:55667904	+	+	inf	4	ff245ab5-23f7-4f07-afea-73b83c9be5f8,2aeadf6d-d6c0-48b2-9dec-6e31a9c95881,52ae35ad-d10c-4256-8d9a-1c5af6dc0d2f,7ab9f3ad-5eb3-4d85-8b92-caf381407943	Consistent	FusionSeeker
TMEM135:RSL1D1	TMEM135	ENSG00000166575.17	chr11:87158455	+	+	RSL1D1	ENSG00000171490.13	chr16:11837468	-	-	inf	5	905911e1-f614-4ae9-ab5b-4b05614b2e28,2d957ebe-31ca-4022-b995-df13556be907,4b773ce2-719d-4308-a597-2c4218d87904,72f243b4-9932-4880-8d96-86d009fca816,8e3dc794-7993-47f0-abf3-a8a17306c162	Consistent	FusionSeeker
CCDC32:CBX3	CCDC32	ENSG00000128891.17	chr15:40562770	-	-	CBX3	ENSG00000122565.19	chr7:26201765	+	+	inf	10	fc7fcccd-cdf6-4287-9c0f-f463be44a22c,3c6667f4-d3ee-4bbd-b550-7bb61279ff32,8bad8b00-d4c9-4218-a539-ad01613ae1fc,91c4dc3c-45d8-4324-a8e5-73f632afd857,b2b11803-8a33-413c-b2b4-d501aa174e40,e1b462fb-5e1f-4c9e-9e29-dbe1c0a4bf8e	Consistent	FusionSeeker
RPS24:GPC3	RPS24	ENSG00000138326.21	chr10:78035582	+	+	GPC3	ENSG00000147257.16	chrX:133671150	-	-	inf	7	dbad5ad7-8c9c-4ece-a832-eaad8e223a43,4b5439df-18cc-4464-be45-7465e6a46282,741041a3-0741-4fd9-8407-3d3c10182cb8,a859deb7-1d40-4d7b-94b2-b6de9e14077f	Consistent	FusionSeeker
LINC02054:GMPR	LINC02054	ENSG00000224153.3	chr3:184409027	+	+	GMPR	ENSG00000137198.10	chr6:16267293	+	+	inf	4	db312372-47bc-4e50-ac75-0dd10d7355a7,3258536f-d13c-460b-a6cc-79a8bc7d367a,3a714ad4-a0be-47a7-9749-6299416b29fc,79aafe63-7aae-4f7f-9bb5-6f17d8c91568	Consistent	FusionSeeker
HAUS8:RPL3	HAUS8	ENSG00000131351.15	chr19:17055940	-	-	RPL3	ENSG00000100316.16	chr22:39314818	-	-	inf	4	becb26f8-f98f-4f64-aa86-f3925aafaf78,33f55eeb-796e-4dd1-8f00-e6df8fb6a6a3,4c5f9faf-3c7d-4915-846e-b41ad53f46de,849be4f8-a5ad-4fc7-8489-c4bfa43acf45	Consistent	FusionSeeker
ARL2-SNX15:ELOVL6	ARL2-SNX15	ENSG00000273003.1	chr11:65040256	+	+	ELOVL6	ENSG00000170522.10	chr4:110195503	-	-	inf	4	e4ebff38-644c-4e24-a717-a915b979f15f,346d477f-3822-46b4-bbc4-87e6013535f6,4c5c63e3-8dce-4f1a-ba48-10fdbc98c89d,6063f595-1020-4b4b-be93-154efa0cdf24	Consistent	FusionSeeker
WDPCP:MXD3	WDPCP	ENSG00000143951.16	chr2:63622436	-	-	MXD3	ENSG00000213347.11	chr5:177306464	-	-	inf	5	fe40a5ba-2a62-4f2e-a72c-889b19cde4e9,6114c151-e556-464b-b8a6-0091d076ba97,c4ea2e08-ab43-4428-ac51-fe3df7641f3c,d91e0dc2-a3fa-4495-8ae0-9fa1c679ef1f,edc15bdd-ea8d-45d3-a599-5ddccf638d52	Consistent	FusionSeeker
RSKR:RPS7	RSKR	ENSG00000167524.17	chr17:28468453	-	-	RPS7	ENSG00000171863.15	chr2:3580917	+	+	inf	8	f4a915ec-af59-4d7b-9bff-a3cc47c11ea1,362a43a0-6cc3-4a6e-9f26-e527025470b7,38181137-0b04-4aaf-bd1c-715dc8f837df,51f6a633-e0df-4cd7-b17e-e59a1d82b6de,6074a259-c253-409b-aa73-d89be93e4922,7ef06bc6-1752-4fe6-9f00-b0f40e3110b0,c8240e63-dd67-4455-b0b4-09cbc805aa6e,cc22c551-ddeb-4508-8743-9f337e7f8f2f	Consistent	FusionSeeker
PTPRG:RPL10A	PTPRG	ENSG00000144724.20	chr3:61742900	+	+	RPL10A	ENSG00000198755.11	chr6:35470179	+	+	inf	10	f478cca1-5163-4f6c-8f80-d6c2e2fda81e,3688cfeb-95c1-40c6-890a-db2c42ac6387,4226607e-e40f-4258-8547-476b9a47d127,89844000-2005-407e-ae41-6b7f4b2e4f2a,b20ec25c-da75-4dc6-9f9a-9779bbe4630c,d35ebf55-2b82-404d-9b86-34b58249e099,e0e9c5f2-8db3-44f5-afc6-fdea86b44034	Consistent	FusionSeeker
MT-RNR1:MT-TV	MT-RNR1	ENSG00000211459.2	chrM:1487	+	+	MT-TV	ENSG00000210077.1	chrM:1560	+	+	73.0	4	73d42e85-3f5d-4b48-ae72-f92b49c31d4c,36a87a10-fb23-48e0-99bc-1abe3a1d2191,586facb5-fb7c-44f5-8b1e-9a39b902c5f4,6d1c9637-9e53-4aa1-8c63-a983619c6200	Consistent	FusionSeeker
UBE2G2:MT-RNR2	UBE2G2	ENSG00000184787.19	chr21:44769824	-	-	MT-RNR2	ENSG00000210082.2	chrM:3121	+	+	inf	4	d99ef79f-87e6-41ad-aa33-c2fc88d4be09,373ac387-0454-4e4c-849c-a1a15d237cd1,38d0fb88-85d2-47f8-8d08-0174576ca080,53e94230-c83f-4d92-95d3-291ff1e84495	Consistent	FusionSeeker
ENSG00000261864:NFATC3	ENSG00000261864	ENSG00000261864.1	chr16:68121984	+	+	NFATC3	ENSG00000072736.19	chr16:68126609	+	+	4625.0	7	62e9bb38-94a8-4456-accd-622ced116cda,3a3cb18f-fd1d-4cdd-88b1-2844f690c8be,43ae527e-6535-4077-b454-934f60ea3557,48578087-36e5-49bf-ba7d-eaf0c4a89b72,596a715d-141d-4e72-b513-e2feefbc9a8a,5f095475-ba7c-44ea-b307-e8ab9d125a47,4cb0a3a9-50c5-4fe7-87c2-847e970e9811	Consistent	FusionSeeker
G3BP2:MT-ATP8	G3BP2	ENSG00000138757.15	chr4:75645195	-	-	MT-ATP8	ENSG00000228253.1	chrM:8362	+	+	inf	4	b7746936-993e-42e5-be4b-a4c5c2534b86,3b1d72e4-129a-4f65-acfe-2f4ad09cffbe,9756427f-e38a-4573-a93e-3d82ebc3ff83,b6165090-8dc7-4076-8971-b5492969b270	Consistent	FusionSeeker
EEF1E1-BLOC1S5:GMPR	EEF1E1-BLOC1S5	ENSG00000265818.1	chr6:8102486	-	-	GMPR	ENSG00000137198.10	chr6:16259628	+	+	8157142.0	4	ef8c8b72-95ce-4ebb-bdda-e18734b29345,3d6d875a-cf92-42b7-8432-4fe174d9f3af,af58600c-00f5-4697-bb04-b79a0a07d573,d62eef33-3251-4daa-b8ba-72c5f3763f6b	Consistent	FusionSeeker
NOB1:LINC00499	NOB1	ENSG00000141101.13	chr16:69741883	-	-	LINC00499	ENSG00000251372.8	chr4:138560871	+	+	inf	4	c9c89d0d-45c9-4601-975e-4d16e165921f,3f77286c-fdcc-4702-999e-ea88ef18eb28,54f96887-3ad8-47f8-bec7-1b442fb4392a,b018637a-a1f9-414d-b2c0-2bccc1e39500,b018637a-a1f9-414d-b2c0-2bccc1e39500	Consistent	FusionSeeker
GAPDH:NCL	GAPDH	ENSG00000111640.15	chr12:6537588	+	+	NCL	ENSG00000115053.17	chr2:231460769	-	-	inf	4	d61ade61-03c3-44b7-a9c3-5342f8be93b6,41464a4d-2259-4ca8-8b01-ca98bad74f93,6cf8f9f5-05b6-40c8-9c53-a95a56bef506,d41171ca-bc12-4a0a-b119-a0acbfb3ab23	Consistent	FusionSeeker
MYL6:ATIC	MYL6	ENSG00000092841.19	chr12:56160054	+	+	ATIC	ENSG00000138363.15	chr2:215338901	+	+	inf	4	7dbe40ab-8406-4a70-b345-abd27d49b811,44d5b97c-7af2-40f5-aa64-099169213edd,712c8cbf-3b2b-407e-8be6-37c90e488ad5,7a3f6fa4-d45e-41b2-b418-6b3b74572cc9	Consistent	FusionSeeker
ENSG00000285899:MAOA	ENSG00000285899	ENSG00000285899.1	chrX:43288251	+	+	MAOA	ENSG00000189221.11	chrX:43683510	+	+	395259.0	7	ffa567fc-44f6-4108-be9d-c211c9e42f8a,498e3936-58e9-4265-8824-2354e787695c,4a0f6fe4-0605-4c4c-9880-055b3551ec3b,65e774e1-e87f-4ffd-a65d-b9101d367fdf,99a5a8de-264b-485b-9f01-1b0e4eb15235,a301c742-395b-4bc3-b261-5dcbaf1aa9fc,e4e95ed0-b920-48ce-a480-50caeb968e68	Consistent	FusionSeeker
MAX:PABPC1	MAX	ENSG00000125952.21	chr14:65084190	-	-	PABPC1	ENSG00000070756.17	chr8:100703095	-	-	inf	4	f019ab0b-7125-435e-a473-19eacc0d3b75,49b2c69e-6122-40ec-9927-61ef91be006c,a6d52ae1-0355-4e4f-8013-0b4c267687d4,af2bd9e9-e17a-4e11-94a2-6bb550307be6	Consistent	FusionSeeker
GGPS1:PAFAH1B2	GGPS1	ENSG00000152904.11	chr1:235343520	+	+	PAFAH1B2	ENSG00000168092.14	chr11:117161257	+	+	inf	4	f4c72fd1-f9da-43a3-9690-1afe7c139ed7,4a2a0e57-d003-4bcc-805f-f7cb0d80c8e1,713857e5-85b9-4767-b6b8-0da5023f502f,7acb8ee1-f92f-4294-814e-df10e41eeb1b	Consistent	FusionSeeker
TMEM9:MAPK1	TMEM9	ENSG00000116857.17	chr1:201135722	-	-	MAPK1	ENSG00000100030.15	chr22:21760659	-	-	inf	4	7cba2e33-60eb-4583-8c44-630b2571e04e,4acc5224-f5e3-4d7e-9c6e-5388166c0913,554b3f0f-8759-4204-8d23-bb02c0412c33,6e262750-c2f6-4bbb-9e10-6403035f9605	Consistent	FusionSeeker
ENSG00000227615:RPS12	ENSG00000227615	ENSG00000227615.1	chr11:74745668	-	-	RPS12	ENSG00000112306.8	chr6:132817563	+	+	inf	6	b0a1ddb3-5388-4b24-a1ad-8e9db151b38d,4ad2978f-c3c0-47cd-aa9a-56f3ebf2b487,76071c98-19d7-46e5-b65b-d7aa0938d5f1,8783d620-3db7-4526-bda6-81cbaf3dc09f,8815e2e5-5913-46da-9123-fd5b07dd0a90,aeb90991-f358-49c9-87a9-ad3b6a100a4d	Consistent	FusionSeeker
EIF1AD:MT-RNR2	EIF1AD	ENSG00000175376.9	chr11:65996843	-	-	MT-RNR2	ENSG00000210082.2	chrM:3199	+	+	inf	5	f85cfd9e-ee9d-44ed-b3ad-bf9a465280d1,4c81cd8d-9885-44b6-86fa-ae649861f29c,6479ee37-1ab0-48d8-81af-1c20d07ab49e,d21f01b9-11da-4f54-8a31-2474ab30d3be,dc3f77f9-25d7-4a74-a1bb-af35d4324720	Consistent	FusionSeeker
POLR3K:RPL12	POLR3K	ENSG00000161980.6	chr16:47210	-	-	RPL12	ENSG00000197958.13	chr9:127449296	-	-	inf	4	c6ba2ae3-6469-44b6-8112-eeb43b685f58,4cb480bb-cdef-4c92-9871-4aa738b95dfc,73a8f2e5-f28b-491f-a565-3d4c66835528,9dec8c15-f834-4f6e-8b09-a47bc51a402b	Consistent	FusionSeeker
DTL:RPL21P16	DTL	ENSG00000143476.18	chr1:212051442	+	+	RPL21P16	ENSG00000220842.6	chr10:120354645	-	-	inf	7	fcf76198-0fea-4e15-9ef1-b8201effa3ce,4dc1fec2-b34a-4d86-ac2c-b00f467ff5f6,8c3265d5-611e-42ef-9d73-59e36fa06329,aa547b13-306d-43fe-982b-b42e0f99be0e,b4c4b1f2-a881-45f3-80b1-a7d38d5f83bd,c5b6f6e2-e06c-42fe-959c-828b71d44c61,f15fdd9a-7763-491f-a678-0fef529a7626	Consistent	FusionSeeker
RPLP2:ENSG00000293110	RPLP2	ENSG00000177600.9	chr11:812756	+	+	ENSG00000293110	ENSG00000293110.1	chr6:126346318	-	-	inf	4	9edf60ac-385e-4c77-8aff-be361bf4dc8b,4e3bec42-a3cf-48f7-bc72-2c1b52d2cdd7,54189dc6-0420-4132-9df1-354c465226f2,78fbb208-ddbd-4eb6-ace9-083933d0c6c0	Consistent	FusionSeeker
LYRM2:EIF2S3	LYRM2	ENSG00000083099.11	chr6:89637043	-	-	EIF2S3	ENSG00000130741.11	chrX:24077220	+	+	inf	4	eb5d7569-e79a-4c5c-a56e-a2fc2518bc32,50ba61c4-f992-4c41-b9ca-1e659ede49b1,631b5b91-90a1-425f-9885-f09159d0e47b,9d572c00-9793-4e99-996c-5cced53ceb0c	Consistent	FusionSeeker
AMN1:CMC4	AMN1	ENSG00000151743.11	chr12:31702006	-	-	CMC4	ENSG00000182712.16	chrX:155070695	-	-	inf	4	ef92c81c-38f6-4664-80d3-507cd632f38e,510b272f-8fbe-4c0b-acc7-3acbc86161d3,5da6282a-b69d-4482-9f8f-e427450da419,6a58d1ff-20b4-4f56-8160-f3e150133ad2	Consistent	FusionSeeker
CCT5:MT-ND4	CCT5	ENSG00000150753.12	chr5:10256054	+	+	MT-ND4	ENSG00000198886.2	chrM:11397	+	+	inf	4	d56be859-0d0f-4147-9d8c-bc3597a9afec,51be5863-13da-4901-b502-666cee95777e,6813f943-bd53-4e32-b7c0-76fca40836cb,b137ea9c-2440-4bc0-9af5-ddccf0c389fe	Consistent	FusionSeeker
EMC8:PPIA	EMC8	ENSG00000131148.9	chr16:85781280	-	-	PPIA	ENSG00000196262.15	chr7:44799873	+	+	inf	5	ee941f74-db88-4e1d-99e5-3919de19e44a,563e6f30-fe8e-41b2-b33e-65db9ae778c6,8c4eb45c-3b3b-4ac7-b25d-09244acd5bc6,d6be70d6-58ef-413f-a64d-6589e0dcc39d,ea53764e-b33d-4c4c-b5ee-b88bb2e1c257	Consistent	FusionSeeker
ENSG00000290989:PSPHP1	ENSG00000290989	ENSG00000290989.1	chr1:223993046	+	+	PSPHP1	ENSG00000226278.1	chr7:55773179	+	+	inf	4	fc69443e-170d-4189-86bc-a735d5cdb873,5be6c41e-9441-4541-89d8-2694adf67739,751f7f58-0811-46af-b0f6-3d12e6c0351a,8efc6903-15c7-40fc-b1e0-a2002384e496	Consistent	FusionSeeker
SAMD5:PRKN	SAMD5	ENSG00000203727.4	chr6:147733725	+	+	PRKN	ENSG00000185345.25	chr6:162727660	-	-	14993935.0	4	dad12aa3-f39c-4f32-a0cc-e1a3d069d14e,5c4d8b07-62a2-4717-a38b-a09b6cbfd0d3,7c2f7d5d-3443-42cf-9bfb-ef1b7fd9d125,883d0bc1-6892-4344-94aa-43dd08b9e315	Consistent	FusionSeeker
RBFOX2:DGKI	RBFOX2	ENSG00000100320.24	chr22:35838255	-	-	DGKI	ENSG00000157680.17	chr7:137514260	-	-	inf	5	fdc8f268-594e-42de-bd04-334445891487,610b1f6d-9091-4eda-950d-5baff923761b,67cbb764-0a66-421b-8f98-411a78bb8035,6f0c26ae-04ac-4bca-a302-d14a4a31dd24,88d4fadb-4857-42cc-9b97-87097daa3c03	Consistent	FusionSeeker
NCL:COG5	NCL	ENSG00000115053.17	chr2:231463296	-	-	COG5	ENSG00000164597.15	chr7:107235441	-	-	inf	4	feb6dbec-9a03-46e4-a637-7fd1391eb3e7,620f6026-53da-4c97-9161-32bac5966165,7037ff1e-1684-4b3f-9740-c8ff2d6f335f,ef17f2d8-e147-4850-b6ec-472aea86610b	Consistent	FusionSeeker
UBAP2L:FTL	UBAP2L	ENSG00000143569.20	chr1:154228724	+	+	FTL	ENSG00000087086.15	chr19:48965443	+	+	inf	4	e64d6ac1-ba0e-474c-8289-95e633d35a9b,630c5157-2c06-47e9-860c-02415854aa42,73527ca2-ebaf-4799-a1f2-94809384d919,accfdf80-03b5-492d-a3ae-11e5e0a2586b	Consistent	FusionSeeker
GTF2H3:USP53	GTF2H3	ENSG00000111358.14	chr12:123662132	+	+	USP53	ENSG00000145390.12	chr4:119250246	+	+	inf	4	f4e5d79d-0bdc-4683-87be-06f3a593cca1,65b2b481-1f17-4c06-ac63-e998f40d6e78,6e329aeb-2c34-4590-8e41-6bdb0daaa07f,ebb08f48-6bc0-4d11-bd88-f4e791e67480	Consistent	FusionSeeker
KCTD20:OGT	KCTD20	ENSG00000112078.14	chr6:36490579	+	+	OGT	ENSG00000147162.15	chrX:71537213	+	+	inf	4	e5606f46-2b07-47ed-8016-10da86ff8276,6abf8e73-e5cd-404c-a356-9d085488eb40,b8277037-7f81-4823-9c38-a8a450e7e41a,df601815-85b8-488e-8456-0f8d574b4b27	Consistent	FusionSeeker
DLD:MT-ND2	DLD	ENSG00000091140.15	chr7:107916960	+	+	MT-ND2	ENSG00000198763.3	chrM:5113	+	+	inf	4	91db4c6d-b4b0-4c3b-bc13-310ee4d9e03b,6bd91f4b-e355-4049-8c6d-5192c75d000b,6d00fefd-a850-4c55-b035-fdd77991daa8,795d7ffb-b7d8-48ea-aaf8-44bee0668973	Consistent	FusionSeeker
NRIP3:H4C8	NRIP3	ENSG00000175352.12	chr11:8982865	-	-	H4C8	ENSG00000158406.6	chr6:26278314	-	-	inf	6	ff2b50d7-5185-4839-ba61-b16cf67e3f74,722667ce-0865-418b-8e40-064b9fc5d12c,94d75694-9612-4c95-a1a1-0105be406941	Consistent	FusionSeeker
HOOK2:ZDHHC12-DT	HOOK2	ENSG00000095066.12	chr19:12799858	-	-	ZDHHC12-DT	ENSG00000223478.2	chr9:128732839	+	+	inf	4	da0a7eea-e097-4242-b685-9ee8c6263a4c,7b88fd29-9577-4457-8af1-a0b4b28bc7e6,82925290-db27-4fa9-bac6-1deb2d0051ce,caa138c7-dc9d-4d6e-bf26-1f6eda95c04b	Consistent	FusionSeeker
NF2:C9orf78	NF2	ENSG00000186575.20	chr22:29696188	+	+	C9orf78	ENSG00000136819.15	chr9:129827841	-	-	inf	4	ffd822f2-7f78-4d44-8df0-d0eb6bf695e3,7fed01b8-82c3-42de-b2a0-4aedc8b79e62,8513da81-371b-4532-8927-738b50cbea8d,e746949c-b948-40fe-9252-4346aae67dfc	Consistent	FusionSeeker
ETFDH:MRPS10	ETFDH	ENSG00000171503.13	chr4:158709258	+	+	MRPS10	ENSG00000048544.6	chr6:42207530	-	-	inf	4	bf65d214-8d74-478a-8ccf-cbb0ba394330,8159d034-f0ba-4a08-8b45-580c7cd1ef82,a9a111de-f0b4-4105-8101-a5fce474682e,b63d2d00-a83a-4072-aab9-8adb5ec11f78	Consistent	FusionSeeker
RPL19:FAM153CP	RPL19	ENSG00000108298.12	chr17:39204717	+	+	FAM153CP	ENSG00000204677.14	chr5:178056277	+	+	inf	4	e660cb87-2abc-4a7a-b79a-9e26395acf20,858e1abd-ae5a-4a60-ad6b-c3759f985d97,9ce63463-e81b-45e9-9668-8c19b2c24915,e61b178a-91ba-4def-a8bb-4ad23c2e683f	Consistent	FusionSeeker
ENSG00000227615:RMRP	ENSG00000227615	ENSG00000227615.1	chr11:74745942	-	-	RMRP	ENSG00000277027.1	chr9:35657750	-	-	inf	4	c692db1f-ee28-4b4c-8b6d-50dd6c83ccea,8e4198b2-c92c-4228-be45-16153066e019,ab2ce005-0f6a-40c6-8cb3-7b66ee19267c,c22fdee1-d4d4-4817-b2c1-3e17596ffea3	Consistent	FusionSeeker
UMAD1:ICA1	UMAD1	ENSG00000219545.12	chr7:7640765	+	+	ICA1	ENSG00000003147.19	chr7:8114045	-	-	473280.0	4	fe7011de-f74f-4833-be46-ad6227fbe050,901e2452-3d6e-4814-96f0-2fc78b97b9e7,ccf1c731-334d-4d08-8995-c68a68fd9486,cf33d22a-c3ea-44f5-8dd8-c4bffb997c77	Consistent	FusionSeeker
PSMD8:LNPEP	PSMD8	ENSG00000099341.13	chr19:38376454	+	+	LNPEP	ENSG00000113441.16	chr5:97036976	+	+	inf	4	f73365d6-d030-4aa4-b57d-7c2f195e787e,94c2788a-0e51-469d-9db2-099275b1a669,9ffbab14-2a3a-4169-95eb-94705fbb9eb9,eda344eb-1228-4587-9d08-25ecf63431f9	Consistent	FusionSeeker
DNAJC24:IMMP1L	DNAJC24	ENSG00000170946.15	chr11:31370860	+	+	IMMP1L	ENSG00000148950.11	chr11:31433570	-	-	62710.0	4	ca3615c5-0210-4e37-b2bf-1edc36883f3a,9ec4be9e-979c-4939-a6fa-c6d3bd0d393e,b8e1a128-6e40-4595-90f4-710466562b8d,c132cee0-7f20-44bf-9078-9197a9b70d04	Consistent	FusionSeeker
YWHAZ:ANKS6	YWHAZ	ENSG00000164924.18	chr8:100923958	-	-	ANKS6	ENSG00000165138.18	chr9:98783948	-	-	inf	4	fc016e6c-ce2c-4dd6-9fd9-6fc377c2e3ac,ad285a8d-5d5f-4969-8974-386757d45de2,d63b38e6-bfef-486d-b08c-9629b89ca86b,dab438c4-d985-4684-93f1-88ff7bbcbf89	Consistent	FusionSeeker
GAPDH:KLC1	GAPDH	ENSG00000111640.15	chr12:6537673	+	+	KLC1	ENSG00000126214.22	chr14:103590257	+	+	inf	4	e29a9d7b-7eef-4e5f-85d6-db3fc4f052ab,b0e7a5e0-6466-4aa4-bcaf-dd4a806585dd,c0ced04c-9461-41e3-b86f-2caaa796a1ea,d33a6e01-90fc-49ed-9447-bce8410a9532	Consistent	FusionSeeker
